filename,filepath,lat,lon,heading,pitch,location_id
51.495503_-0.178144_h0_p20.jpg,/Users/dingyu_xuan/Desktop/Project_IC_CSU/3D_city_model/IC_campus_streetview/51.495503_-0.178144_h0_p20.jpg,51.495503,-0.178144,0,20,0
51.495503_-0.178144_h135_p20.jpg,/Users/dingyu_xuan/Desktop/Project_IC_CSU/3D_city_model/IC_campus_streetview/51.495503_-0.178144_h135_p20.jpg,51.495503,-0.178144,135,20,0
51.495503_-0.178144_h180_p20.jpg,/Users/dingyu_xuan/Desktop/Project_IC_CSU/3D_city_model/IC_campus_streetview/51.495503_-0.178144_h180_p20.jpg,51.495503,-0.178144,180,20,0
51.495503_-0.178144_h225_p20.jpg,/Users/dingyu_xuan/Desktop/Project_IC_CSU/3D_city_model/IC_campus_streetview/51.495503_-0.178144_h225_p20.jpg,51.495503,-0.178144,225,20,0
51.495503_-0.178144_h270_p20.jpg,/Users/dingyu_xuan/Desktop/Project_IC_CSU/3D_city_model/IC_campus_streetview/51.495503_-0.178144_h270_p20.jpg,51.495503,-0.178144,270,20,0
51.495503_-0.178144_h315_p20.jpg,/Users/dingyu_xuan/Desktop/Project_IC_CSU/3D_city_model/IC_campus_streetview/51.495503_-0.178144_h315_p20.jpg,51.495503,-0.178144,315,20,0
51.495503_-0.178144_h45_p20.jpg,/Users/dingyu_xuan/Desktop/Project_IC_CSU/3D_city_model/IC_campus_streetview/51.495503_-0.178144_h45_p20.jpg,51.495503,-0.178144,45,20,0
51.495503_-0.178144_h90_p20.jpg,/Users/dingyu_xuan/Desktop/Project_IC_CSU/3D_city_model/IC_campus_streetview/51.495503_-0.178144_h90_p20.jpg,51.495503,-0.178144,90,20,0
51.495532_-0.177696_h0_p20.jpg,/Users/dingyu_xuan/Desktop/Project_IC_CSU/3D_city_model/IC_campus_streetview/51.495532_-0.177696_h0_p20.jpg,51.495532,-0.177696,0,20,1
51.495532_-0.177696_h135_p20.jpg,/Users/dingyu_xuan/Desktop/Project_IC_CSU/3D_city_model/IC_campus_streetview/51.495532_-0.177696_h135_p20.jpg,51.495532,-0.177696,135,20,1
51.495532_-0.177696_h180_p20.jpg,/Users/dingyu_xuan/Desktop/Project_IC_CSU/3D_city_model/IC_campus_streetview/51.495532_-0.177696_h180_p20.jpg,51.495532,-0.177696,180,20,1
51.495532_-0.177696_h225_p20.jpg,/Users/dingyu_xuan/Desktop/Project_IC_CSU/3D_city_model/IC_campus_streetview/51.495532_-0.177696_h225_p20.jpg,51.495532,-0.177696,225,20,1
51.495532_-0.177696_h270_p20.jpg,/Users/dingyu_xuan/Desktop/Project_IC_CSU/3D_city_model/IC_campus_streetview/51.495532_-0.177696_h270_p20.jpg,51.495532,-0.177696,270,20,1
51.495532_-0.177696_h315_p20.jpg,/Users/dingyu_xuan/Desktop/Project_IC_CSU/3D_city_model/IC_campus_streetview/51.495532_-0.177696_h315_p20.jpg,51.495532,-0.177696,315,20,1
51.495532_-0.177696_h45_p20.jpg,/Users/dingyu_xuan/Desktop/Project_IC_CSU/3D_city_model/IC_campus_streetview/51.495532_-0.177696_h45_p20.jpg,51.495532,-0.177696,45,20,1
51.495532_-0.177696_h90_p20.jpg,/Users/dingyu_xuan/Desktop/Project_IC_CSU/3D_city_model/IC_campus_streetview/51.495532_-0.177696_h90_p20.jpg,51.495532,-0.177696,90,20,1
51.495561_-0.177247_h0_p20.jpg,/Users/dingyu_xuan/Desktop/Project_IC_CSU/3D_city_model/IC_campus_streetview/51.495561_-0.177247_h0_p20.jpg,51.495561,-0.177247,0,20,2
51.495561_-0.177247_h135_p20.jpg,/Users/dingyu_xuan/Desktop/Project_IC_CSU/3D_city_model/IC_campus_streetview/51.495561_-0.177247_h135_p20.jpg,51.495561,-0.177247,135,20,2
51.495561_-0.177247_h180_p20.jpg,/Users/dingyu_xuan/Desktop/Project_IC_CSU/3D_city_model/IC_campus_streetview/51.495561_-0.177247_h180_p20.jpg,51.495561,-0.177247,180,20,2
51.495561_-0.177247_h225_p20.jpg,/Users/dingyu_xuan/Desktop/Project_IC_CSU/3D_city_model/IC_campus_streetview/51.495561_-0.177247_h225_p20.jpg,51.495561,-0.177247,225,20,2
51.495561_-0.177247_h270_p20.jpg,/Users/dingyu_xuan/Desktop/Project_IC_CSU/3D_city_model/IC_campus_streetview/51.495561_-0.177247_h270_p20.jpg,51.495561,-0.177247,270,20,2
51.495561_-0.177247_h315_p20.jpg,/Users/dingyu_xuan/Desktop/Project_IC_CSU/3D_city_model/IC_campus_streetview/51.495561_-0.177247_h315_p20.jpg,51.495561,-0.177247,315,20,2
51.495561_-0.177247_h45_p20.jpg,/Users/dingyu_xuan/Desktop/Project_IC_CSU/3D_city_model/IC_campus_streetview/51.495561_-0.177247_h45_p20.jpg,51.495561,-0.177247,45,20,2
51.495561_-0.177247_h90_p20.jpg,/Users/dingyu_xuan/Desktop/Project_IC_CSU/3D_city_model/IC_campus_streetview/51.495561_-0.177247_h90_p20.jpg,51.495561,-0.177247,90,20,2
51.495574_-0.178966_h0_p20.jpg,/Users/dingyu_xuan/Desktop/Project_IC_CSU/3D_city_model/IC_campus_streetview/51.495574_-0.178966_h0_p20.jpg,51.495574,-0.178966,0,20,3
51.495574_-0.178966_h135_p20.jpg,/Users/dingyu_xuan/Desktop/Project_IC_CSU/3D_city_model/IC_campus_streetview/51.495574_-0.178966_h135_p20.jpg,51.495574,-0.178966,135,20,3
51.495574_-0.178966_h180_p20.jpg,/Users/dingyu_xuan/Desktop/Project_IC_CSU/3D_city_model/IC_campus_streetview/51.495574_-0.178966_h180_p20.jpg,51.495574,-0.178966,180,20,3
51.495574_-0.178966_h225_p20.jpg,/Users/dingyu_xuan/Desktop/Project_IC_CSU/3D_city_model/IC_campus_streetview/51.495574_-0.178966_h225_p20.jpg,51.495574,-0.178966,225,20,3
51.495574_-0.178966_h270_p20.jpg,/Users/dingyu_xuan/Desktop/Project_IC_CSU/3D_city_model/IC_campus_streetview/51.495574_-0.178966_h270_p20.jpg,51.495574,-0.178966,270,20,3
51.495574_-0.178966_h315_p20.jpg,/Users/dingyu_xuan/Desktop/Project_IC_CSU/3D_city_model/IC_campus_streetview/51.495574_-0.178966_h315_p20.jpg,51.495574,-0.178966,315,20,3
51.495574_-0.178966_h45_p20.jpg,/Users/dingyu_xuan/Desktop/Project_IC_CSU/3D_city_model/IC_campus_streetview/51.495574_-0.178966_h45_p20.jpg,51.495574,-0.178966,45,20,3
51.495574_-0.178966_h90_p20.jpg,/Users/dingyu_xuan/Desktop/Project_IC_CSU/3D_city_model/IC_campus_streetview/51.495574_-0.178966_h90_p20.jpg,51.495574,-0.178966,90,20,3
51.495632_-0.176632_h0_p20.jpg,/Users/dingyu_xuan/Desktop/Project_IC_CSU/3D_city_model/IC_campus_streetview/51.495632_-0.176632_h0_p20.jpg,51.495632,-0.176632,0,20,4
51.495632_-0.176632_h135_p20.jpg,/Users/dingyu_xuan/Desktop/Project_IC_CSU/3D_city_model/IC_campus_streetview/51.495632_-0.176632_h135_p20.jpg,51.495632,-0.176632,135,20,4
51.495632_-0.176632_h180_p20.jpg,/Users/dingyu_xuan/Desktop/Project_IC_CSU/3D_city_model/IC_campus_streetview/51.495632_-0.176632_h180_p20.jpg,51.495632,-0.176632,180,20,4
51.495632_-0.176632_h225_p20.jpg,/Users/dingyu_xuan/Desktop/Project_IC_CSU/3D_city_model/IC_campus_streetview/51.495632_-0.176632_h225_p20.jpg,51.495632,-0.176632,225,20,4
51.495632_-0.176632_h270_p20.jpg,/Users/dingyu_xuan/Desktop/Project_IC_CSU/3D_city_model/IC_campus_streetview/51.495632_-0.176632_h270_p20.jpg,51.495632,-0.176632,270,20,4
51.495632_-0.176632_h315_p20.jpg,/Users/dingyu_xuan/Desktop/Project_IC_CSU/3D_city_model/IC_campus_streetview/51.495632_-0.176632_h315_p20.jpg,51.495632,-0.176632,315,20,4
51.495632_-0.176632_h45_p20.jpg,/Users/dingyu_xuan/Desktop/Project_IC_CSU/3D_city_model/IC_campus_streetview/51.495632_-0.176632_h45_p20.jpg,51.495632,-0.176632,45,20,4
51.495632_-0.176632_h90_p20.jpg,/Users/dingyu_xuan/Desktop/Project_IC_CSU/3D_city_model/IC_campus_streetview/51.495632_-0.176632_h90_p20.jpg,51.495632,-0.176632,90,20,4
51.495686_-0.175464_h0_p20.jpg,/Users/dingyu_xuan/Desktop/Project_IC_CSU/3D_city_model/IC_campus_streetview/51.495686_-0.175464_h0_p20.jpg,51.495686,-0.175464,0,20,5
51.495686_-0.175464_h135_p20.jpg,/Users/dingyu_xuan/Desktop/Project_IC_CSU/3D_city_model/IC_campus_streetview/51.495686_-0.175464_h135_p20.jpg,51.495686,-0.175464,135,20,5
51.495686_-0.175464_h180_p20.jpg,/Users/dingyu_xuan/Desktop/Project_IC_CSU/3D_city_model/IC_campus_streetview/51.495686_-0.175464_h180_p20.jpg,51.495686,-0.175464,180,20,5
51.495686_-0.175464_h225_p20.jpg,/Users/dingyu_xuan/Desktop/Project_IC_CSU/3D_city_model/IC_campus_streetview/51.495686_-0.175464_h225_p20.jpg,51.495686,-0.175464,225,20,5
51.495686_-0.175464_h270_p20.jpg,/Users/dingyu_xuan/Desktop/Project_IC_CSU/3D_city_model/IC_campus_streetview/51.495686_-0.175464_h270_p20.jpg,51.495686,-0.175464,270,20,5
51.495686_-0.175464_h315_p20.jpg,/Users/dingyu_xuan/Desktop/Project_IC_CSU/3D_city_model/IC_campus_streetview/51.495686_-0.175464_h315_p20.jpg,51.495686,-0.175464,315,20,5
51.495686_-0.175464_h45_p20.jpg,/Users/dingyu_xuan/Desktop/Project_IC_CSU/3D_city_model/IC_campus_streetview/51.495686_-0.175464_h45_p20.jpg,51.495686,-0.175464,45,20,5
51.495686_-0.175464_h90_p20.jpg,/Users/dingyu_xuan/Desktop/Project_IC_CSU/3D_city_model/IC_campus_streetview/51.495686_-0.175464_h90_p20.jpg,51.495686,-0.175464,90,20,5
51.495795_-0.174744_h0_p20.jpg,/Users/dingyu_xuan/Desktop/Project_IC_CSU/3D_city_model/IC_campus_streetview/51.495795_-0.174744_h0_p20.jpg,51.495795,-0.174744,0,20,6
51.495795_-0.174744_h135_p20.jpg,/Users/dingyu_xuan/Desktop/Project_IC_CSU/3D_city_model/IC_campus_streetview/51.495795_-0.174744_h135_p20.jpg,51.495795,-0.174744,135,20,6
51.495795_-0.174744_h180_p20.jpg,/Users/dingyu_xuan/Desktop/Project_IC_CSU/3D_city_model/IC_campus_streetview/51.495795_-0.174744_h180_p20.jpg,51.495795,-0.174744,180,20,6
51.495795_-0.174744_h225_p20.jpg,/Users/dingyu_xuan/Desktop/Project_IC_CSU/3D_city_model/IC_campus_streetview/51.495795_-0.174744_h225_p20.jpg,51.495795,-0.174744,225,20,6
51.495795_-0.174744_h270_p20.jpg,/Users/dingyu_xuan/Desktop/Project_IC_CSU/3D_city_model/IC_campus_streetview/51.495795_-0.174744_h270_p20.jpg,51.495795,-0.174744,270,20,6
51.495795_-0.174744_h315_p20.jpg,/Users/dingyu_xuan/Desktop/Project_IC_CSU/3D_city_model/IC_campus_streetview/51.495795_-0.174744_h315_p20.jpg,51.495795,-0.174744,315,20,6
51.495795_-0.174744_h45_p20.jpg,/Users/dingyu_xuan/Desktop/Project_IC_CSU/3D_city_model/IC_campus_streetview/51.495795_-0.174744_h45_p20.jpg,51.495795,-0.174744,45,20,6
51.495795_-0.174744_h90_p20.jpg,/Users/dingyu_xuan/Desktop/Project_IC_CSU/3D_city_model/IC_campus_streetview/51.495795_-0.174744_h90_p20.jpg,51.495795,-0.174744,90,20,6
51.495806_-0.177485_h0_p20.jpg,/Users/dingyu_xuan/Desktop/Project_IC_CSU/3D_city_model/IC_campus_streetview/51.495806_-0.177485_h0_p20.jpg,51.495806,-0.177485,0,20,7
51.495806_-0.177485_h135_p20.jpg,/Users/dingyu_xuan/Desktop/Project_IC_CSU/3D_city_model/IC_campus_streetview/51.495806_-0.177485_h135_p20.jpg,51.495806,-0.177485,135,20,7
51.495806_-0.177485_h180_p20.jpg,/Users/dingyu_xuan/Desktop/Project_IC_CSU/3D_city_model/IC_campus_streetview/51.495806_-0.177485_h180_p20.jpg,51.495806,-0.177485,180,20,7
51.495806_-0.177485_h225_p20.jpg,/Users/dingyu_xuan/Desktop/Project_IC_CSU/3D_city_model/IC_campus_streetview/51.495806_-0.177485_h225_p20.jpg,51.495806,-0.177485,225,20,7
51.495806_-0.177485_h270_p20.jpg,/Users/dingyu_xuan/Desktop/Project_IC_CSU/3D_city_model/IC_campus_streetview/51.495806_-0.177485_h270_p20.jpg,51.495806,-0.177485,270,20,7
51.495806_-0.177485_h315_p20.jpg,/Users/dingyu_xuan/Desktop/Project_IC_CSU/3D_city_model/IC_campus_streetview/51.495806_-0.177485_h315_p20.jpg,51.495806,-0.177485,315,20,7
51.495806_-0.177485_h45_p20.jpg,/Users/dingyu_xuan/Desktop/Project_IC_CSU/3D_city_model/IC_campus_streetview/51.495806_-0.177485_h45_p20.jpg,51.495806,-0.177485,45,20,7
51.495806_-0.177485_h90_p20.jpg,/Users/dingyu_xuan/Desktop/Project_IC_CSU/3D_city_model/IC_campus_streetview/51.495806_-0.177485_h90_p20.jpg,51.495806,-0.177485,90,20,7
51.495825_-0.174296_h0_p20.jpg,/Users/dingyu_xuan/Desktop/Project_IC_CSU/3D_city_model/IC_campus_streetview/51.495825_-0.174296_h0_p20.jpg,51.495825,-0.174296,0,20,8
51.495825_-0.174296_h135_p20.jpg,/Users/dingyu_xuan/Desktop/Project_IC_CSU/3D_city_model/IC_campus_streetview/51.495825_-0.174296_h135_p20.jpg,51.495825,-0.174296,135,20,8
51.495825_-0.174296_h180_p20.jpg,/Users/dingyu_xuan/Desktop/Project_IC_CSU/3D_city_model/IC_campus_streetview/51.495825_-0.174296_h180_p20.jpg,51.495825,-0.174296,180,20,8
51.495825_-0.174296_h225_p20.jpg,/Users/dingyu_xuan/Desktop/Project_IC_CSU/3D_city_model/IC_campus_streetview/51.495825_-0.174296_h225_p20.jpg,51.495825,-0.174296,225,20,8
51.495825_-0.174296_h270_p20.jpg,/Users/dingyu_xuan/Desktop/Project_IC_CSU/3D_city_model/IC_campus_streetview/51.495825_-0.174296_h270_p20.jpg,51.495825,-0.174296,270,20,8
51.495825_-0.174296_h315_p20.jpg,/Users/dingyu_xuan/Desktop/Project_IC_CSU/3D_city_model/IC_campus_streetview/51.495825_-0.174296_h315_p20.jpg,51.495825,-0.174296,315,20,8
51.495825_-0.174296_h45_p20.jpg,/Users/dingyu_xuan/Desktop/Project_IC_CSU/3D_city_model/IC_campus_streetview/51.495825_-0.174296_h45_p20.jpg,51.495825,-0.174296,45,20,8
51.495825_-0.174296_h90_p20.jpg,/Users/dingyu_xuan/Desktop/Project_IC_CSU/3D_city_model/IC_campus_streetview/51.495825_-0.174296_h90_p20.jpg,51.495825,-0.174296,90,20,8
51.495842_-0.177037_h0_p20.jpg,/Users/dingyu_xuan/Desktop/Project_IC_CSU/3D_city_model/IC_campus_streetview/51.495842_-0.177037_h0_p20.jpg,51.495842,-0.177037,0,20,9
51.495842_-0.177037_h135_p20.jpg,/Users/dingyu_xuan/Desktop/Project_IC_CSU/3D_city_model/IC_campus_streetview/51.495842_-0.177037_h135_p20.jpg,51.495842,-0.177037,135,20,9
51.495842_-0.177037_h180_p20.jpg,/Users/dingyu_xuan/Desktop/Project_IC_CSU/3D_city_model/IC_campus_streetview/51.495842_-0.177037_h180_p20.jpg,51.495842,-0.177037,180,20,9
51.495842_-0.177037_h225_p20.jpg,/Users/dingyu_xuan/Desktop/Project_IC_CSU/3D_city_model/IC_campus_streetview/51.495842_-0.177037_h225_p20.jpg,51.495842,-0.177037,225,20,9
51.495842_-0.177037_h270_p20.jpg,/Users/dingyu_xuan/Desktop/Project_IC_CSU/3D_city_model/IC_campus_streetview/51.495842_-0.177037_h270_p20.jpg,51.495842,-0.177037,270,20,9
51.495842_-0.177037_h315_p20.jpg,/Users/dingyu_xuan/Desktop/Project_IC_CSU/3D_city_model/IC_campus_streetview/51.495842_-0.177037_h315_p20.jpg,51.495842,-0.177037,315,20,9
51.495842_-0.177037_h45_p20.jpg,/Users/dingyu_xuan/Desktop/Project_IC_CSU/3D_city_model/IC_campus_streetview/51.495842_-0.177037_h45_p20.jpg,51.495842,-0.177037,45,20,9
51.495842_-0.177037_h90_p20.jpg,/Users/dingyu_xuan/Desktop/Project_IC_CSU/3D_city_model/IC_campus_streetview/51.495842_-0.177037_h90_p20.jpg,51.495842,-0.177037,90,20,9
51.495853_-0.173848_h0_p20.jpg,/Users/dingyu_xuan/Desktop/Project_IC_CSU/3D_city_model/IC_campus_streetview/51.495853_-0.173848_h0_p20.jpg,51.495853,-0.173848,0,20,10
51.495853_-0.173848_h135_p20.jpg,/Users/dingyu_xuan/Desktop/Project_IC_CSU/3D_city_model/IC_campus_streetview/51.495853_-0.173848_h135_p20.jpg,51.495853,-0.173848,135,20,10
51.495853_-0.173848_h180_p20.jpg,/Users/dingyu_xuan/Desktop/Project_IC_CSU/3D_city_model/IC_campus_streetview/51.495853_-0.173848_h180_p20.jpg,51.495853,-0.173848,180,20,10
51.495853_-0.173848_h225_p20.jpg,/Users/dingyu_xuan/Desktop/Project_IC_CSU/3D_city_model/IC_campus_streetview/51.495853_-0.173848_h225_p20.jpg,51.495853,-0.173848,225,20,10
51.495853_-0.173848_h270_p20.jpg,/Users/dingyu_xuan/Desktop/Project_IC_CSU/3D_city_model/IC_campus_streetview/51.495853_-0.173848_h270_p20.jpg,51.495853,-0.173848,270,20,10
51.495853_-0.173848_h315_p20.jpg,/Users/dingyu_xuan/Desktop/Project_IC_CSU/3D_city_model/IC_campus_streetview/51.495853_-0.173848_h315_p20.jpg,51.495853,-0.173848,315,20,10
51.495853_-0.173848_h45_p20.jpg,/Users/dingyu_xuan/Desktop/Project_IC_CSU/3D_city_model/IC_campus_streetview/51.495853_-0.173848_h45_p20.jpg,51.495853,-0.173848,45,20,10
51.495853_-0.173848_h90_p20.jpg,/Users/dingyu_xuan/Desktop/Project_IC_CSU/3D_city_model/IC_campus_streetview/51.495853_-0.173848_h90_p20.jpg,51.495853,-0.173848,90,20,10
51.495968_-0.178478_h0_p20.jpg,/Users/dingyu_xuan/Desktop/Project_IC_CSU/3D_city_model/IC_campus_streetview/51.495968_-0.178478_h0_p20.jpg,51.495968,-0.178478,0,20,11
51.495968_-0.178478_h135_p20.jpg,/Users/dingyu_xuan/Desktop/Project_IC_CSU/3D_city_model/IC_campus_streetview/51.495968_-0.178478_h135_p20.jpg,51.495968,-0.178478,135,20,11
51.495968_-0.178478_h180_p20.jpg,/Users/dingyu_xuan/Desktop/Project_IC_CSU/3D_city_model/IC_campus_streetview/51.495968_-0.178478_h180_p20.jpg,51.495968,-0.178478,180,20,11
51.495968_-0.178478_h225_p20.jpg,/Users/dingyu_xuan/Desktop/Project_IC_CSU/3D_city_model/IC_campus_streetview/51.495968_-0.178478_h225_p20.jpg,51.495968,-0.178478,225,20,11
51.495968_-0.178478_h270_p20.jpg,/Users/dingyu_xuan/Desktop/Project_IC_CSU/3D_city_model/IC_campus_streetview/51.495968_-0.178478_h270_p20.jpg,51.495968,-0.178478,270,20,11
51.495968_-0.178478_h315_p20.jpg,/Users/dingyu_xuan/Desktop/Project_IC_CSU/3D_city_model/IC_campus_streetview/51.495968_-0.178478_h315_p20.jpg,51.495968,-0.178478,315,20,11
51.495968_-0.178478_h45_p20.jpg,/Users/dingyu_xuan/Desktop/Project_IC_CSU/3D_city_model/IC_campus_streetview/51.495968_-0.178478_h45_p20.jpg,51.495968,-0.178478,45,20,11
51.495968_-0.178478_h90_p20.jpg,/Users/dingyu_xuan/Desktop/Project_IC_CSU/3D_city_model/IC_campus_streetview/51.495968_-0.178478_h90_p20.jpg,51.495968,-0.178478,90,20,11
51.495997_-0.178973_h0_p20.jpg,/Users/dingyu_xuan/Desktop/Project_IC_CSU/3D_city_model/IC_campus_streetview/51.495997_-0.178973_h0_p20.jpg,51.495997,-0.178973,0,20,12
51.495997_-0.178973_h135_p20.jpg,/Users/dingyu_xuan/Desktop/Project_IC_CSU/3D_city_model/IC_campus_streetview/51.495997_-0.178973_h135_p20.jpg,51.495997,-0.178973,135,20,12
51.495997_-0.178973_h180_p20.jpg,/Users/dingyu_xuan/Desktop/Project_IC_CSU/3D_city_model/IC_campus_streetview/51.495997_-0.178973_h180_p20.jpg,51.495997,-0.178973,180,20,12
51.495997_-0.178973_h225_p20.jpg,/Users/dingyu_xuan/Desktop/Project_IC_CSU/3D_city_model/IC_campus_streetview/51.495997_-0.178973_h225_p20.jpg,51.495997,-0.178973,225,20,12
51.495997_-0.178973_h270_p20.jpg,/Users/dingyu_xuan/Desktop/Project_IC_CSU/3D_city_model/IC_campus_streetview/51.495997_-0.178973_h270_p20.jpg,51.495997,-0.178973,270,20,12
51.495997_-0.178973_h315_p20.jpg,/Users/dingyu_xuan/Desktop/Project_IC_CSU/3D_city_model/IC_campus_streetview/51.495997_-0.178973_h315_p20.jpg,51.495997,-0.178973,315,20,12
51.495997_-0.178973_h45_p20.jpg,/Users/dingyu_xuan/Desktop/Project_IC_CSU/3D_city_model/IC_campus_streetview/51.495997_-0.178973_h45_p20.jpg,51.495997,-0.178973,45,20,12
51.495997_-0.178973_h90_p20.jpg,/Users/dingyu_xuan/Desktop/Project_IC_CSU/3D_city_model/IC_campus_streetview/51.495997_-0.178973_h90_p20.jpg,51.495997,-0.178973,90,20,12
51.496235_-0.179269_h0_p20.jpg,/Users/dingyu_xuan/Desktop/Project_IC_CSU/3D_city_model/IC_campus_streetview/51.496235_-0.179269_h0_p20.jpg,51.496235,-0.179269,0,20,13
51.496235_-0.179269_h135_p20.jpg,/Users/dingyu_xuan/Desktop/Project_IC_CSU/3D_city_model/IC_campus_streetview/51.496235_-0.179269_h135_p20.jpg,51.496235,-0.179269,135,20,13
51.496235_-0.179269_h180_p20.jpg,/Users/dingyu_xuan/Desktop/Project_IC_CSU/3D_city_model/IC_campus_streetview/51.496235_-0.179269_h180_p20.jpg,51.496235,-0.179269,180,20,13
51.496235_-0.179269_h225_p20.jpg,/Users/dingyu_xuan/Desktop/Project_IC_CSU/3D_city_model/IC_campus_streetview/51.496235_-0.179269_h225_p20.jpg,51.496235,-0.179269,225,20,13
51.496235_-0.179269_h270_p20.jpg,/Users/dingyu_xuan/Desktop/Project_IC_CSU/3D_city_model/IC_campus_streetview/51.496235_-0.179269_h270_p20.jpg,51.496235,-0.179269,270,20,13
51.496235_-0.179269_h315_p20.jpg,/Users/dingyu_xuan/Desktop/Project_IC_CSU/3D_city_model/IC_campus_streetview/51.496235_-0.179269_h315_p20.jpg,51.496235,-0.179269,315,20,13
51.496235_-0.179269_h45_p20.jpg,/Users/dingyu_xuan/Desktop/Project_IC_CSU/3D_city_model/IC_campus_streetview/51.496235_-0.179269_h45_p20.jpg,51.496235,-0.179269,45,20,13
51.496235_-0.179269_h90_p20.jpg,/Users/dingyu_xuan/Desktop/Project_IC_CSU/3D_city_model/IC_campus_streetview/51.496235_-0.179269_h90_p20.jpg,51.496235,-0.179269,90,20,13
51.496293_-0.178437_h0_p20.jpg,/Users/dingyu_xuan/Desktop/Project_IC_CSU/3D_city_model/IC_campus_streetview/51.496293_-0.178437_h0_p20.jpg,51.496293,-0.178437,0,20,14
51.496293_-0.178437_h135_p20.jpg,/Users/dingyu_xuan/Desktop/Project_IC_CSU/3D_city_model/IC_campus_streetview/51.496293_-0.178437_h135_p20.jpg,51.496293,-0.178437,135,20,14
51.496293_-0.178437_h180_p20.jpg,/Users/dingyu_xuan/Desktop/Project_IC_CSU/3D_city_model/IC_campus_streetview/51.496293_-0.178437_h180_p20.jpg,51.496293,-0.178437,180,20,14
51.496293_-0.178437_h225_p20.jpg,/Users/dingyu_xuan/Desktop/Project_IC_CSU/3D_city_model/IC_campus_streetview/51.496293_-0.178437_h225_p20.jpg,51.496293,-0.178437,225,20,14
51.496293_-0.178437_h270_p20.jpg,/Users/dingyu_xuan/Desktop/Project_IC_CSU/3D_city_model/IC_campus_streetview/51.496293_-0.178437_h270_p20.jpg,51.496293,-0.178437,270,20,14
51.496293_-0.178437_h315_p20.jpg,/Users/dingyu_xuan/Desktop/Project_IC_CSU/3D_city_model/IC_campus_streetview/51.496293_-0.178437_h315_p20.jpg,51.496293,-0.178437,315,20,14
51.496293_-0.178437_h45_p20.jpg,/Users/dingyu_xuan/Desktop/Project_IC_CSU/3D_city_model/IC_campus_streetview/51.496293_-0.178437_h45_p20.jpg,51.496293,-0.178437,45,20,14
51.496293_-0.178437_h90_p20.jpg,/Users/dingyu_xuan/Desktop/Project_IC_CSU/3D_city_model/IC_campus_streetview/51.496293_-0.178437_h90_p20.jpg,51.496293,-0.178437,90,20,14
51.496582_-0.178741_h0_p20.jpg,/Users/dingyu_xuan/Desktop/Project_IC_CSU/3D_city_model/IC_campus_streetview/51.496582_-0.178741_h0_p20.jpg,51.496582,-0.178741,0,20,15
51.496582_-0.178741_h135_p20.jpg,/Users/dingyu_xuan/Desktop/Project_IC_CSU/3D_city_model/IC_campus_streetview/51.496582_-0.178741_h135_p20.jpg,51.496582,-0.178741,135,20,15
51.496582_-0.178741_h180_p20.jpg,/Users/dingyu_xuan/Desktop/Project_IC_CSU/3D_city_model/IC_campus_streetview/51.496582_-0.178741_h180_p20.jpg,51.496582,-0.178741,180,20,15
51.496582_-0.178741_h225_p20.jpg,/Users/dingyu_xuan/Desktop/Project_IC_CSU/3D_city_model/IC_campus_streetview/51.496582_-0.178741_h225_p20.jpg,51.496582,-0.178741,225,20,15
51.496582_-0.178741_h270_p20.jpg,/Users/dingyu_xuan/Desktop/Project_IC_CSU/3D_city_model/IC_campus_streetview/51.496582_-0.178741_h270_p20.jpg,51.496582,-0.178741,270,20,15
51.496582_-0.178741_h315_p20.jpg,/Users/dingyu_xuan/Desktop/Project_IC_CSU/3D_city_model/IC_campus_streetview/51.496582_-0.178741_h315_p20.jpg,51.496582,-0.178741,315,20,15
51.496582_-0.178741_h45_p20.jpg,/Users/dingyu_xuan/Desktop/Project_IC_CSU/3D_city_model/IC_campus_streetview/51.496582_-0.178741_h45_p20.jpg,51.496582,-0.178741,45,20,15
51.496582_-0.178741_h90_p20.jpg,/Users/dingyu_xuan/Desktop/Project_IC_CSU/3D_city_model/IC_campus_streetview/51.496582_-0.178741_h90_p20.jpg,51.496582,-0.178741,90,20,15
51.496866_-0.173855_h0_p20.jpg,/Users/dingyu_xuan/Desktop/Project_IC_CSU/3D_city_model/IC_campus_streetview/51.496866_-0.173855_h0_p20.jpg,51.496866,-0.173855,0,20,16
51.496866_-0.173855_h135_p20.jpg,/Users/dingyu_xuan/Desktop/Project_IC_CSU/3D_city_model/IC_campus_streetview/51.496866_-0.173855_h135_p20.jpg,51.496866,-0.173855,135,20,16
51.496866_-0.173855_h180_p20.jpg,/Users/dingyu_xuan/Desktop/Project_IC_CSU/3D_city_model/IC_campus_streetview/51.496866_-0.173855_h180_p20.jpg,51.496866,-0.173855,180,20,16
51.496866_-0.173855_h225_p20.jpg,/Users/dingyu_xuan/Desktop/Project_IC_CSU/3D_city_model/IC_campus_streetview/51.496866_-0.173855_h225_p20.jpg,51.496866,-0.173855,225,20,16
51.496866_-0.173855_h270_p20.jpg,/Users/dingyu_xuan/Desktop/Project_IC_CSU/3D_city_model/IC_campus_streetview/51.496866_-0.173855_h270_p20.jpg,51.496866,-0.173855,270,20,16
51.496866_-0.173855_h315_p20.jpg,/Users/dingyu_xuan/Desktop/Project_IC_CSU/3D_city_model/IC_campus_streetview/51.496866_-0.173855_h315_p20.jpg,51.496866,-0.173855,315,20,16
51.496866_-0.173855_h45_p20.jpg,/Users/dingyu_xuan/Desktop/Project_IC_CSU/3D_city_model/IC_campus_streetview/51.496866_-0.173855_h45_p20.jpg,51.496866,-0.173855,45,20,16
51.496866_-0.173855_h90_p20.jpg,/Users/dingyu_xuan/Desktop/Project_IC_CSU/3D_city_model/IC_campus_streetview/51.496866_-0.173855_h90_p20.jpg,51.496866,-0.173855,90,20,16
51.496874_-0.179168_h0_p20.jpg,/Users/dingyu_xuan/Desktop/Project_IC_CSU/3D_city_model/IC_campus_streetview/51.496874_-0.179168_h0_p20.jpg,51.496874,-0.179168,0,20,17
51.496874_-0.179168_h135_p20.jpg,/Users/dingyu_xuan/Desktop/Project_IC_CSU/3D_city_model/IC_campus_streetview/51.496874_-0.179168_h135_p20.jpg,51.496874,-0.179168,135,20,17
51.496874_-0.179168_h180_p20.jpg,/Users/dingyu_xuan/Desktop/Project_IC_CSU/3D_city_model/IC_campus_streetview/51.496874_-0.179168_h180_p20.jpg,51.496874,-0.179168,180,20,17
51.496874_-0.179168_h225_p20.jpg,/Users/dingyu_xuan/Desktop/Project_IC_CSU/3D_city_model/IC_campus_streetview/51.496874_-0.179168_h225_p20.jpg,51.496874,-0.179168,225,20,17
51.496874_-0.179168_h270_p20.jpg,/Users/dingyu_xuan/Desktop/Project_IC_CSU/3D_city_model/IC_campus_streetview/51.496874_-0.179168_h270_p20.jpg,51.496874,-0.179168,270,20,17
51.496874_-0.179168_h315_p20.jpg,/Users/dingyu_xuan/Desktop/Project_IC_CSU/3D_city_model/IC_campus_streetview/51.496874_-0.179168_h315_p20.jpg,51.496874,-0.179168,315,20,17
51.496874_-0.179168_h45_p20.jpg,/Users/dingyu_xuan/Desktop/Project_IC_CSU/3D_city_model/IC_campus_streetview/51.496874_-0.179168_h45_p20.jpg,51.496874,-0.179168,45,20,17
51.496874_-0.179168_h90_p20.jpg,/Users/dingyu_xuan/Desktop/Project_IC_CSU/3D_city_model/IC_campus_streetview/51.496874_-0.179168_h90_p20.jpg,51.496874,-0.179168,90,20,17
51.496900_-0.178547_h0_p20.jpg,/Users/dingyu_xuan/Desktop/Project_IC_CSU/3D_city_model/IC_campus_streetview/51.496900_-0.178547_h0_p20.jpg,51.4969,-0.178547,0,20,18
51.496900_-0.178547_h135_p20.jpg,/Users/dingyu_xuan/Desktop/Project_IC_CSU/3D_city_model/IC_campus_streetview/51.496900_-0.178547_h135_p20.jpg,51.4969,-0.178547,135,20,18
51.496900_-0.178547_h180_p20.jpg,/Users/dingyu_xuan/Desktop/Project_IC_CSU/3D_city_model/IC_campus_streetview/51.496900_-0.178547_h180_p20.jpg,51.4969,-0.178547,180,20,18
51.496900_-0.178547_h225_p20.jpg,/Users/dingyu_xuan/Desktop/Project_IC_CSU/3D_city_model/IC_campus_streetview/51.496900_-0.178547_h225_p20.jpg,51.4969,-0.178547,225,20,18
51.496900_-0.178547_h270_p20.jpg,/Users/dingyu_xuan/Desktop/Project_IC_CSU/3D_city_model/IC_campus_streetview/51.496900_-0.178547_h270_p20.jpg,51.4969,-0.178547,270,20,18
51.496900_-0.178547_h315_p20.jpg,/Users/dingyu_xuan/Desktop/Project_IC_CSU/3D_city_model/IC_campus_streetview/51.496900_-0.178547_h315_p20.jpg,51.4969,-0.178547,315,20,18
51.496900_-0.178547_h45_p20.jpg,/Users/dingyu_xuan/Desktop/Project_IC_CSU/3D_city_model/IC_campus_streetview/51.496900_-0.178547_h45_p20.jpg,51.4969,-0.178547,45,20,18
51.496900_-0.178547_h90_p20.jpg,/Users/dingyu_xuan/Desktop/Project_IC_CSU/3D_city_model/IC_campus_streetview/51.496900_-0.178547_h90_p20.jpg,51.4969,-0.178547,90,20,18
51.497111_-0.179469_h0_p20.jpg,/Users/dingyu_xuan/Desktop/Project_IC_CSU/3D_city_model/IC_campus_streetview/51.497111_-0.179469_h0_p20.jpg,51.497111,-0.179469,0,20,19
51.497111_-0.179469_h135_p20.jpg,/Users/dingyu_xuan/Desktop/Project_IC_CSU/3D_city_model/IC_campus_streetview/51.497111_-0.179469_h135_p20.jpg,51.497111,-0.179469,135,20,19
51.497111_-0.179469_h180_p20.jpg,/Users/dingyu_xuan/Desktop/Project_IC_CSU/3D_city_model/IC_campus_streetview/51.497111_-0.179469_h180_p20.jpg,51.497111,-0.179469,180,20,19
51.497111_-0.179469_h225_p20.jpg,/Users/dingyu_xuan/Desktop/Project_IC_CSU/3D_city_model/IC_campus_streetview/51.497111_-0.179469_h225_p20.jpg,51.497111,-0.179469,225,20,19
51.497111_-0.179469_h270_p20.jpg,/Users/dingyu_xuan/Desktop/Project_IC_CSU/3D_city_model/IC_campus_streetview/51.497111_-0.179469_h270_p20.jpg,51.497111,-0.179469,270,20,19
51.497111_-0.179469_h315_p20.jpg,/Users/dingyu_xuan/Desktop/Project_IC_CSU/3D_city_model/IC_campus_streetview/51.497111_-0.179469_h315_p20.jpg,51.497111,-0.179469,315,20,19
51.497111_-0.179469_h45_p20.jpg,/Users/dingyu_xuan/Desktop/Project_IC_CSU/3D_city_model/IC_campus_streetview/51.497111_-0.179469_h45_p20.jpg,51.497111,-0.179469,45,20,19
51.497111_-0.179469_h90_p20.jpg,/Users/dingyu_xuan/Desktop/Project_IC_CSU/3D_city_model/IC_campus_streetview/51.497111_-0.179469_h90_p20.jpg,51.497111,-0.179469,90,20,19
51.497114_-0.174062_h0_p20.jpg,/Users/dingyu_xuan/Desktop/Project_IC_CSU/3D_city_model/IC_campus_streetview/51.497114_-0.174062_h0_p20.jpg,51.497114,-0.174062,0,20,20
51.497114_-0.174062_h135_p20.jpg,/Users/dingyu_xuan/Desktop/Project_IC_CSU/3D_city_model/IC_campus_streetview/51.497114_-0.174062_h135_p20.jpg,51.497114,-0.174062,135,20,20
51.497114_-0.174062_h180_p20.jpg,/Users/dingyu_xuan/Desktop/Project_IC_CSU/3D_city_model/IC_campus_streetview/51.497114_-0.174062_h180_p20.jpg,51.497114,-0.174062,180,20,20
51.497114_-0.174062_h225_p20.jpg,/Users/dingyu_xuan/Desktop/Project_IC_CSU/3D_city_model/IC_campus_streetview/51.497114_-0.174062_h225_p20.jpg,51.497114,-0.174062,225,20,20
51.497114_-0.174062_h270_p20.jpg,/Users/dingyu_xuan/Desktop/Project_IC_CSU/3D_city_model/IC_campus_streetview/51.497114_-0.174062_h270_p20.jpg,51.497114,-0.174062,270,20,20
51.497114_-0.174062_h315_p20.jpg,/Users/dingyu_xuan/Desktop/Project_IC_CSU/3D_city_model/IC_campus_streetview/51.497114_-0.174062_h315_p20.jpg,51.497114,-0.174062,315,20,20
51.497114_-0.174062_h45_p20.jpg,/Users/dingyu_xuan/Desktop/Project_IC_CSU/3D_city_model/IC_campus_streetview/51.497114_-0.174062_h45_p20.jpg,51.497114,-0.174062,45,20,20
51.497114_-0.174062_h90_p20.jpg,/Users/dingyu_xuan/Desktop/Project_IC_CSU/3D_city_model/IC_campus_streetview/51.497114_-0.174062_h90_p20.jpg,51.497114,-0.174062,90,20,20
51.497356_-0.178358_h0_p20.jpg,/Users/dingyu_xuan/Desktop/Project_IC_CSU/3D_city_model/IC_campus_streetview/51.497356_-0.178358_h0_p20.jpg,51.497356,-0.178358,0,20,21
51.497356_-0.178358_h135_p20.jpg,/Users/dingyu_xuan/Desktop/Project_IC_CSU/3D_city_model/IC_campus_streetview/51.497356_-0.178358_h135_p20.jpg,51.497356,-0.178358,135,20,21
51.497356_-0.178358_h180_p20.jpg,/Users/dingyu_xuan/Desktop/Project_IC_CSU/3D_city_model/IC_campus_streetview/51.497356_-0.178358_h180_p20.jpg,51.497356,-0.178358,180,20,21
51.497356_-0.178358_h225_p20.jpg,/Users/dingyu_xuan/Desktop/Project_IC_CSU/3D_city_model/IC_campus_streetview/51.497356_-0.178358_h225_p20.jpg,51.497356,-0.178358,225,20,21
51.497356_-0.178358_h270_p20.jpg,/Users/dingyu_xuan/Desktop/Project_IC_CSU/3D_city_model/IC_campus_streetview/51.497356_-0.178358_h270_p20.jpg,51.497356,-0.178358,270,20,21
51.497356_-0.178358_h315_p20.jpg,/Users/dingyu_xuan/Desktop/Project_IC_CSU/3D_city_model/IC_campus_streetview/51.497356_-0.178358_h315_p20.jpg,51.497356,-0.178358,315,20,21
51.497356_-0.178358_h45_p20.jpg,/Users/dingyu_xuan/Desktop/Project_IC_CSU/3D_city_model/IC_campus_streetview/51.497356_-0.178358_h45_p20.jpg,51.497356,-0.178358,45,20,21
51.497356_-0.178358_h90_p20.jpg,/Users/dingyu_xuan/Desktop/Project_IC_CSU/3D_city_model/IC_campus_streetview/51.497356_-0.178358_h90_p20.jpg,51.497356,-0.178358,90,20,21
51.497409_-0.176376_h0_p20.jpg,/Users/dingyu_xuan/Desktop/Project_IC_CSU/3D_city_model/IC_campus_streetview/51.497409_-0.176376_h0_p20.jpg,51.497409,-0.176376,0,20,22
51.497409_-0.176376_h135_p20.jpg,/Users/dingyu_xuan/Desktop/Project_IC_CSU/3D_city_model/IC_campus_streetview/51.497409_-0.176376_h135_p20.jpg,51.497409,-0.176376,135,20,22
51.497409_-0.176376_h180_p20.jpg,/Users/dingyu_xuan/Desktop/Project_IC_CSU/3D_city_model/IC_campus_streetview/51.497409_-0.176376_h180_p20.jpg,51.497409,-0.176376,180,20,22
51.497409_-0.176376_h225_p20.jpg,/Users/dingyu_xuan/Desktop/Project_IC_CSU/3D_city_model/IC_campus_streetview/51.497409_-0.176376_h225_p20.jpg,51.497409,-0.176376,225,20,22
51.497409_-0.176376_h270_p20.jpg,/Users/dingyu_xuan/Desktop/Project_IC_CSU/3D_city_model/IC_campus_streetview/51.497409_-0.176376_h270_p20.jpg,51.497409,-0.176376,270,20,22
51.497409_-0.176376_h315_p20.jpg,/Users/dingyu_xuan/Desktop/Project_IC_CSU/3D_city_model/IC_campus_streetview/51.497409_-0.176376_h315_p20.jpg,51.497409,-0.176376,315,20,22
51.497409_-0.176376_h45_p20.jpg,/Users/dingyu_xuan/Desktop/Project_IC_CSU/3D_city_model/IC_campus_streetview/51.497409_-0.176376_h45_p20.jpg,51.497409,-0.176376,45,20,22
51.497409_-0.176376_h90_p20.jpg,/Users/dingyu_xuan/Desktop/Project_IC_CSU/3D_city_model/IC_campus_streetview/51.497409_-0.176376_h90_p20.jpg,51.497409,-0.176376,90,20,22
51.497440_-0.175928_h0_p20.jpg,/Users/dingyu_xuan/Desktop/Project_IC_CSU/3D_city_model/IC_campus_streetview/51.497440_-0.175928_h0_p20.jpg,51.49744,-0.175928,0,20,23
51.497440_-0.175928_h135_p20.jpg,/Users/dingyu_xuan/Desktop/Project_IC_CSU/3D_city_model/IC_campus_streetview/51.497440_-0.175928_h135_p20.jpg,51.49744,-0.175928,135,20,23
51.497440_-0.175928_h180_p20.jpg,/Users/dingyu_xuan/Desktop/Project_IC_CSU/3D_city_model/IC_campus_streetview/51.497440_-0.175928_h180_p20.jpg,51.49744,-0.175928,180,20,23
51.497440_-0.175928_h225_p20.jpg,/Users/dingyu_xuan/Desktop/Project_IC_CSU/3D_city_model/IC_campus_streetview/51.497440_-0.175928_h225_p20.jpg,51.49744,-0.175928,225,20,23
51.497440_-0.175928_h270_p20.jpg,/Users/dingyu_xuan/Desktop/Project_IC_CSU/3D_city_model/IC_campus_streetview/51.497440_-0.175928_h270_p20.jpg,51.49744,-0.175928,270,20,23
51.497440_-0.175928_h315_p20.jpg,/Users/dingyu_xuan/Desktop/Project_IC_CSU/3D_city_model/IC_campus_streetview/51.497440_-0.175928_h315_p20.jpg,51.49744,-0.175928,315,20,23
51.497440_-0.175928_h45_p20.jpg,/Users/dingyu_xuan/Desktop/Project_IC_CSU/3D_city_model/IC_campus_streetview/51.497440_-0.175928_h45_p20.jpg,51.49744,-0.175928,45,20,23
51.497440_-0.175928_h90_p20.jpg,/Users/dingyu_xuan/Desktop/Project_IC_CSU/3D_city_model/IC_campus_streetview/51.497440_-0.175928_h90_p20.jpg,51.49744,-0.175928,90,20,23
51.497470_-0.175479_h0_p20.jpg,/Users/dingyu_xuan/Desktop/Project_IC_CSU/3D_city_model/IC_campus_streetview/51.497470_-0.175479_h0_p20.jpg,51.49747,-0.175479,0,20,24
51.497470_-0.175479_h135_p20.jpg,/Users/dingyu_xuan/Desktop/Project_IC_CSU/3D_city_model/IC_campus_streetview/51.497470_-0.175479_h135_p20.jpg,51.49747,-0.175479,135,20,24
51.497470_-0.175479_h180_p20.jpg,/Users/dingyu_xuan/Desktop/Project_IC_CSU/3D_city_model/IC_campus_streetview/51.497470_-0.175479_h180_p20.jpg,51.49747,-0.175479,180,20,24
51.497470_-0.175479_h225_p20.jpg,/Users/dingyu_xuan/Desktop/Project_IC_CSU/3D_city_model/IC_campus_streetview/51.497470_-0.175479_h225_p20.jpg,51.49747,-0.175479,225,20,24
51.497470_-0.175479_h270_p20.jpg,/Users/dingyu_xuan/Desktop/Project_IC_CSU/3D_city_model/IC_campus_streetview/51.497470_-0.175479_h270_p20.jpg,51.49747,-0.175479,270,20,24
51.497470_-0.175479_h315_p20.jpg,/Users/dingyu_xuan/Desktop/Project_IC_CSU/3D_city_model/IC_campus_streetview/51.497470_-0.175479_h315_p20.jpg,51.49747,-0.175479,315,20,24
51.497470_-0.175479_h45_p20.jpg,/Users/dingyu_xuan/Desktop/Project_IC_CSU/3D_city_model/IC_campus_streetview/51.497470_-0.175479_h45_p20.jpg,51.49747,-0.175479,45,20,24
51.497470_-0.175479_h90_p20.jpg,/Users/dingyu_xuan/Desktop/Project_IC_CSU/3D_city_model/IC_campus_streetview/51.497470_-0.175479_h90_p20.jpg,51.49747,-0.175479,90,20,24
51.497551_-0.179558_h0_p20.jpg,/Users/dingyu_xuan/Desktop/Project_IC_CSU/3D_city_model/IC_campus_streetview/51.497551_-0.179558_h0_p20.jpg,51.497551,-0.179558,0,20,25
51.497551_-0.179558_h135_p20.jpg,/Users/dingyu_xuan/Desktop/Project_IC_CSU/3D_city_model/IC_campus_streetview/51.497551_-0.179558_h135_p20.jpg,51.497551,-0.179558,135,20,25
51.497551_-0.179558_h180_p20.jpg,/Users/dingyu_xuan/Desktop/Project_IC_CSU/3D_city_model/IC_campus_streetview/51.497551_-0.179558_h180_p20.jpg,51.497551,-0.179558,180,20,25
51.497551_-0.179558_h225_p20.jpg,/Users/dingyu_xuan/Desktop/Project_IC_CSU/3D_city_model/IC_campus_streetview/51.497551_-0.179558_h225_p20.jpg,51.497551,-0.179558,225,20,25
51.497551_-0.179558_h270_p20.jpg,/Users/dingyu_xuan/Desktop/Project_IC_CSU/3D_city_model/IC_campus_streetview/51.497551_-0.179558_h270_p20.jpg,51.497551,-0.179558,270,20,25
51.497551_-0.179558_h315_p20.jpg,/Users/dingyu_xuan/Desktop/Project_IC_CSU/3D_city_model/IC_campus_streetview/51.497551_-0.179558_h315_p20.jpg,51.497551,-0.179558,315,20,25
51.497551_-0.179558_h45_p20.jpg,/Users/dingyu_xuan/Desktop/Project_IC_CSU/3D_city_model/IC_campus_streetview/51.497551_-0.179558_h45_p20.jpg,51.497551,-0.179558,45,20,25
51.497551_-0.179558_h90_p20.jpg,/Users/dingyu_xuan/Desktop/Project_IC_CSU/3D_city_model/IC_campus_streetview/51.497551_-0.179558_h90_p20.jpg,51.497551,-0.179558,90,20,25
51.497665_-0.178563_h0_p20.jpg,/Users/dingyu_xuan/Desktop/Project_IC_CSU/3D_city_model/IC_campus_streetview/51.497665_-0.178563_h0_p20.jpg,51.497665,-0.178563,0,20,26
51.497665_-0.178563_h135_p20.jpg,/Users/dingyu_xuan/Desktop/Project_IC_CSU/3D_city_model/IC_campus_streetview/51.497665_-0.178563_h135_p20.jpg,51.497665,-0.178563,135,20,26
51.497665_-0.178563_h180_p20.jpg,/Users/dingyu_xuan/Desktop/Project_IC_CSU/3D_city_model/IC_campus_streetview/51.497665_-0.178563_h180_p20.jpg,51.497665,-0.178563,180,20,26
51.497665_-0.178563_h225_p20.jpg,/Users/dingyu_xuan/Desktop/Project_IC_CSU/3D_city_model/IC_campus_streetview/51.497665_-0.178563_h225_p20.jpg,51.497665,-0.178563,225,20,26
51.497665_-0.178563_h270_p20.jpg,/Users/dingyu_xuan/Desktop/Project_IC_CSU/3D_city_model/IC_campus_streetview/51.497665_-0.178563_h270_p20.jpg,51.497665,-0.178563,270,20,26
51.497665_-0.178563_h315_p20.jpg,/Users/dingyu_xuan/Desktop/Project_IC_CSU/3D_city_model/IC_campus_streetview/51.497665_-0.178563_h315_p20.jpg,51.497665,-0.178563,315,20,26
51.497665_-0.178563_h45_p20.jpg,/Users/dingyu_xuan/Desktop/Project_IC_CSU/3D_city_model/IC_campus_streetview/51.497665_-0.178563_h45_p20.jpg,51.497665,-0.178563,45,20,26
51.497665_-0.178563_h90_p20.jpg,/Users/dingyu_xuan/Desktop/Project_IC_CSU/3D_city_model/IC_campus_streetview/51.497665_-0.178563_h90_p20.jpg,51.497665,-0.178563,90,20,26
51.497871_-0.178195_h0_p20.jpg,/Users/dingyu_xuan/Desktop/Project_IC_CSU/3D_city_model/IC_campus_streetview/51.497871_-0.178195_h0_p20.jpg,51.497871,-0.178195,0,20,27
51.497871_-0.178195_h135_p20.jpg,/Users/dingyu_xuan/Desktop/Project_IC_CSU/3D_city_model/IC_campus_streetview/51.497871_-0.178195_h135_p20.jpg,51.497871,-0.178195,135,20,27
51.497871_-0.178195_h180_p20.jpg,/Users/dingyu_xuan/Desktop/Project_IC_CSU/3D_city_model/IC_campus_streetview/51.497871_-0.178195_h180_p20.jpg,51.497871,-0.178195,180,20,27
51.497871_-0.178195_h225_p20.jpg,/Users/dingyu_xuan/Desktop/Project_IC_CSU/3D_city_model/IC_campus_streetview/51.497871_-0.178195_h225_p20.jpg,51.497871,-0.178195,225,20,27
51.497871_-0.178195_h270_p20.jpg,/Users/dingyu_xuan/Desktop/Project_IC_CSU/3D_city_model/IC_campus_streetview/51.497871_-0.178195_h270_p20.jpg,51.497871,-0.178195,270,20,27
51.497871_-0.178195_h315_p20.jpg,/Users/dingyu_xuan/Desktop/Project_IC_CSU/3D_city_model/IC_campus_streetview/51.497871_-0.178195_h315_p20.jpg,51.497871,-0.178195,315,20,27
51.497871_-0.178195_h45_p20.jpg,/Users/dingyu_xuan/Desktop/Project_IC_CSU/3D_city_model/IC_campus_streetview/51.497871_-0.178195_h45_p20.jpg,51.497871,-0.178195,45,20,27
51.497871_-0.178195_h90_p20.jpg,/Users/dingyu_xuan/Desktop/Project_IC_CSU/3D_city_model/IC_campus_streetview/51.497871_-0.178195_h90_p20.jpg,51.497871,-0.178195,90,20,27
51.497881_-0.175618_h0_p20.jpg,/Users/dingyu_xuan/Desktop/Project_IC_CSU/3D_city_model/IC_campus_streetview/51.497881_-0.175618_h0_p20.jpg,51.497881,-0.175618,0,20,28
51.497881_-0.175618_h135_p20.jpg,/Users/dingyu_xuan/Desktop/Project_IC_CSU/3D_city_model/IC_campus_streetview/51.497881_-0.175618_h135_p20.jpg,51.497881,-0.175618,135,20,28
51.497881_-0.175618_h180_p20.jpg,/Users/dingyu_xuan/Desktop/Project_IC_CSU/3D_city_model/IC_campus_streetview/51.497881_-0.175618_h180_p20.jpg,51.497881,-0.175618,180,20,28
51.497881_-0.175618_h225_p20.jpg,/Users/dingyu_xuan/Desktop/Project_IC_CSU/3D_city_model/IC_campus_streetview/51.497881_-0.175618_h225_p20.jpg,51.497881,-0.175618,225,20,28
51.497881_-0.175618_h270_p20.jpg,/Users/dingyu_xuan/Desktop/Project_IC_CSU/3D_city_model/IC_campus_streetview/51.497881_-0.175618_h270_p20.jpg,51.497881,-0.175618,270,20,28
51.497881_-0.175618_h315_p20.jpg,/Users/dingyu_xuan/Desktop/Project_IC_CSU/3D_city_model/IC_campus_streetview/51.497881_-0.175618_h315_p20.jpg,51.497881,-0.175618,315,20,28
51.497881_-0.175618_h45_p20.jpg,/Users/dingyu_xuan/Desktop/Project_IC_CSU/3D_city_model/IC_campus_streetview/51.497881_-0.175618_h45_p20.jpg,51.497881,-0.175618,45,20,28
51.497881_-0.175618_h90_p20.jpg,/Users/dingyu_xuan/Desktop/Project_IC_CSU/3D_city_model/IC_campus_streetview/51.497881_-0.175618_h90_p20.jpg,51.497881,-0.175618,90,20,28
51.497882_-0.179379_h0_p20.jpg,/Users/dingyu_xuan/Desktop/Project_IC_CSU/3D_city_model/IC_campus_streetview/51.497882_-0.179379_h0_p20.jpg,51.497882,-0.179379,0,20,29
51.497882_-0.179379_h135_p20.jpg,/Users/dingyu_xuan/Desktop/Project_IC_CSU/3D_city_model/IC_campus_streetview/51.497882_-0.179379_h135_p20.jpg,51.497882,-0.179379,135,20,29
51.497882_-0.179379_h180_p20.jpg,/Users/dingyu_xuan/Desktop/Project_IC_CSU/3D_city_model/IC_campus_streetview/51.497882_-0.179379_h180_p20.jpg,51.497882,-0.179379,180,20,29
51.497882_-0.179379_h225_p20.jpg,/Users/dingyu_xuan/Desktop/Project_IC_CSU/3D_city_model/IC_campus_streetview/51.497882_-0.179379_h225_p20.jpg,51.497882,-0.179379,225,20,29
51.497882_-0.179379_h270_p20.jpg,/Users/dingyu_xuan/Desktop/Project_IC_CSU/3D_city_model/IC_campus_streetview/51.497882_-0.179379_h270_p20.jpg,51.497882,-0.179379,270,20,29
51.497882_-0.179379_h315_p20.jpg,/Users/dingyu_xuan/Desktop/Project_IC_CSU/3D_city_model/IC_campus_streetview/51.497882_-0.179379_h315_p20.jpg,51.497882,-0.179379,315,20,29
51.497882_-0.179379_h45_p20.jpg,/Users/dingyu_xuan/Desktop/Project_IC_CSU/3D_city_model/IC_campus_streetview/51.497882_-0.179379_h45_p20.jpg,51.497882,-0.179379,45,20,29
51.497882_-0.179379_h90_p20.jpg,/Users/dingyu_xuan/Desktop/Project_IC_CSU/3D_city_model/IC_campus_streetview/51.497882_-0.179379_h90_p20.jpg,51.497882,-0.179379,90,20,29
51.497964_-0.176968_h0_p20.jpg,/Users/dingyu_xuan/Desktop/Project_IC_CSU/3D_city_model/IC_campus_streetview/51.497964_-0.176968_h0_p20.jpg,51.497964,-0.176968,0,20,30
51.497964_-0.176968_h135_p20.jpg,/Users/dingyu_xuan/Desktop/Project_IC_CSU/3D_city_model/IC_campus_streetview/51.497964_-0.176968_h135_p20.jpg,51.497964,-0.176968,135,20,30
51.497964_-0.176968_h180_p20.jpg,/Users/dingyu_xuan/Desktop/Project_IC_CSU/3D_city_model/IC_campus_streetview/51.497964_-0.176968_h180_p20.jpg,51.497964,-0.176968,180,20,30
51.497964_-0.176968_h225_p20.jpg,/Users/dingyu_xuan/Desktop/Project_IC_CSU/3D_city_model/IC_campus_streetview/51.497964_-0.176968_h225_p20.jpg,51.497964,-0.176968,225,20,30
51.497964_-0.176968_h270_p20.jpg,/Users/dingyu_xuan/Desktop/Project_IC_CSU/3D_city_model/IC_campus_streetview/51.497964_-0.176968_h270_p20.jpg,51.497964,-0.176968,270,20,30
51.497964_-0.176968_h315_p20.jpg,/Users/dingyu_xuan/Desktop/Project_IC_CSU/3D_city_model/IC_campus_streetview/51.497964_-0.176968_h315_p20.jpg,51.497964,-0.176968,315,20,30
51.497964_-0.176968_h45_p20.jpg,/Users/dingyu_xuan/Desktop/Project_IC_CSU/3D_city_model/IC_campus_streetview/51.497964_-0.176968_h45_p20.jpg,51.497964,-0.176968,45,20,30
51.497964_-0.176968_h90_p20.jpg,/Users/dingyu_xuan/Desktop/Project_IC_CSU/3D_city_model/IC_campus_streetview/51.497964_-0.176968_h90_p20.jpg,51.497964,-0.176968,90,20,30
51.498002_-0.176468_h0_p20.jpg,/Users/dingyu_xuan/Desktop/Project_IC_CSU/3D_city_model/IC_campus_streetview/51.498002_-0.176468_h0_p20.jpg,51.498002,-0.176468,0,20,31
51.498002_-0.176468_h135_p20.jpg,/Users/dingyu_xuan/Desktop/Project_IC_CSU/3D_city_model/IC_campus_streetview/51.498002_-0.176468_h135_p20.jpg,51.498002,-0.176468,135,20,31
51.498002_-0.176468_h180_p20.jpg,/Users/dingyu_xuan/Desktop/Project_IC_CSU/3D_city_model/IC_campus_streetview/51.498002_-0.176468_h180_p20.jpg,51.498002,-0.176468,180,20,31
51.498002_-0.176468_h225_p20.jpg,/Users/dingyu_xuan/Desktop/Project_IC_CSU/3D_city_model/IC_campus_streetview/51.498002_-0.176468_h225_p20.jpg,51.498002,-0.176468,225,20,31
51.498002_-0.176468_h270_p20.jpg,/Users/dingyu_xuan/Desktop/Project_IC_CSU/3D_city_model/IC_campus_streetview/51.498002_-0.176468_h270_p20.jpg,51.498002,-0.176468,270,20,31
51.498002_-0.176468_h315_p20.jpg,/Users/dingyu_xuan/Desktop/Project_IC_CSU/3D_city_model/IC_campus_streetview/51.498002_-0.176468_h315_p20.jpg,51.498002,-0.176468,315,20,31
51.498002_-0.176468_h45_p20.jpg,/Users/dingyu_xuan/Desktop/Project_IC_CSU/3D_city_model/IC_campus_streetview/51.498002_-0.176468_h45_p20.jpg,51.498002,-0.176468,45,20,31
51.498002_-0.176468_h90_p20.jpg,/Users/dingyu_xuan/Desktop/Project_IC_CSU/3D_city_model/IC_campus_streetview/51.498002_-0.176468_h90_p20.jpg,51.498002,-0.176468,90,20,31
51.498009_-0.174868_h0_p20.jpg,/Users/dingyu_xuan/Desktop/Project_IC_CSU/3D_city_model/IC_campus_streetview/51.498009_-0.174868_h0_p20.jpg,51.498009,-0.174868,0,20,32
51.498009_-0.174868_h135_p20.jpg,/Users/dingyu_xuan/Desktop/Project_IC_CSU/3D_city_model/IC_campus_streetview/51.498009_-0.174868_h135_p20.jpg,51.498009,-0.174868,135,20,32
51.498009_-0.174868_h180_p20.jpg,/Users/dingyu_xuan/Desktop/Project_IC_CSU/3D_city_model/IC_campus_streetview/51.498009_-0.174868_h180_p20.jpg,51.498009,-0.174868,180,20,32
51.498009_-0.174868_h225_p20.jpg,/Users/dingyu_xuan/Desktop/Project_IC_CSU/3D_city_model/IC_campus_streetview/51.498009_-0.174868_h225_p20.jpg,51.498009,-0.174868,225,20,32
51.498009_-0.174868_h270_p20.jpg,/Users/dingyu_xuan/Desktop/Project_IC_CSU/3D_city_model/IC_campus_streetview/51.498009_-0.174868_h270_p20.jpg,51.498009,-0.174868,270,20,32
51.498009_-0.174868_h315_p20.jpg,/Users/dingyu_xuan/Desktop/Project_IC_CSU/3D_city_model/IC_campus_streetview/51.498009_-0.174868_h315_p20.jpg,51.498009,-0.174868,315,20,32
51.498009_-0.174868_h45_p20.jpg,/Users/dingyu_xuan/Desktop/Project_IC_CSU/3D_city_model/IC_campus_streetview/51.498009_-0.174868_h45_p20.jpg,51.498009,-0.174868,45,20,32
51.498009_-0.174868_h90_p20.jpg,/Users/dingyu_xuan/Desktop/Project_IC_CSU/3D_city_model/IC_campus_streetview/51.498009_-0.174868_h90_p20.jpg,51.498009,-0.174868,90,20,32
51.498035_-0.176020_h0_p20.jpg,/Users/dingyu_xuan/Desktop/Project_IC_CSU/3D_city_model/IC_campus_streetview/51.498035_-0.176020_h0_p20.jpg,51.498035,-0.17602,0,20,33
51.498035_-0.176020_h135_p20.jpg,/Users/dingyu_xuan/Desktop/Project_IC_CSU/3D_city_model/IC_campus_streetview/51.498035_-0.176020_h135_p20.jpg,51.498035,-0.17602,135,20,33
51.498035_-0.176020_h180_p20.jpg,/Users/dingyu_xuan/Desktop/Project_IC_CSU/3D_city_model/IC_campus_streetview/51.498035_-0.176020_h180_p20.jpg,51.498035,-0.17602,180,20,33
51.498035_-0.176020_h225_p20.jpg,/Users/dingyu_xuan/Desktop/Project_IC_CSU/3D_city_model/IC_campus_streetview/51.498035_-0.176020_h225_p20.jpg,51.498035,-0.17602,225,20,33
51.498035_-0.176020_h270_p20.jpg,/Users/dingyu_xuan/Desktop/Project_IC_CSU/3D_city_model/IC_campus_streetview/51.498035_-0.176020_h270_p20.jpg,51.498035,-0.17602,270,20,33
51.498035_-0.176020_h315_p20.jpg,/Users/dingyu_xuan/Desktop/Project_IC_CSU/3D_city_model/IC_campus_streetview/51.498035_-0.176020_h315_p20.jpg,51.498035,-0.17602,315,20,33
51.498035_-0.176020_h45_p20.jpg,/Users/dingyu_xuan/Desktop/Project_IC_CSU/3D_city_model/IC_campus_streetview/51.498035_-0.176020_h45_p20.jpg,51.498035,-0.17602,45,20,33
51.498035_-0.176020_h90_p20.jpg,/Users/dingyu_xuan/Desktop/Project_IC_CSU/3D_city_model/IC_campus_streetview/51.498035_-0.176020_h90_p20.jpg,51.498035,-0.17602,90,20,33
51.498041_-0.177810_h0_p20.jpg,/Users/dingyu_xuan/Desktop/Project_IC_CSU/3D_city_model/IC_campus_streetview/51.498041_-0.177810_h0_p20.jpg,51.498041,-0.17781,0,20,34
51.498041_-0.177810_h135_p20.jpg,/Users/dingyu_xuan/Desktop/Project_IC_CSU/3D_city_model/IC_campus_streetview/51.498041_-0.177810_h135_p20.jpg,51.498041,-0.17781,135,20,34
51.498041_-0.177810_h180_p20.jpg,/Users/dingyu_xuan/Desktop/Project_IC_CSU/3D_city_model/IC_campus_streetview/51.498041_-0.177810_h180_p20.jpg,51.498041,-0.17781,180,20,34
51.498041_-0.177810_h225_p20.jpg,/Users/dingyu_xuan/Desktop/Project_IC_CSU/3D_city_model/IC_campus_streetview/51.498041_-0.177810_h225_p20.jpg,51.498041,-0.17781,225,20,34
51.498041_-0.177810_h270_p20.jpg,/Users/dingyu_xuan/Desktop/Project_IC_CSU/3D_city_model/IC_campus_streetview/51.498041_-0.177810_h270_p20.jpg,51.498041,-0.17781,270,20,34
51.498041_-0.177810_h315_p20.jpg,/Users/dingyu_xuan/Desktop/Project_IC_CSU/3D_city_model/IC_campus_streetview/51.498041_-0.177810_h315_p20.jpg,51.498041,-0.17781,315,20,34
51.498041_-0.177810_h45_p20.jpg,/Users/dingyu_xuan/Desktop/Project_IC_CSU/3D_city_model/IC_campus_streetview/51.498041_-0.177810_h45_p20.jpg,51.498041,-0.17781,45,20,34
51.498041_-0.177810_h90_p20.jpg,/Users/dingyu_xuan/Desktop/Project_IC_CSU/3D_city_model/IC_campus_streetview/51.498041_-0.177810_h90_p20.jpg,51.498041,-0.17781,90,20,34
51.498180_-0.174065_h0_p20.jpg,/Users/dingyu_xuan/Desktop/Project_IC_CSU/3D_city_model/IC_campus_streetview/51.498180_-0.174065_h0_p20.jpg,51.49818,-0.174065,0,20,35
51.498180_-0.174065_h135_p20.jpg,/Users/dingyu_xuan/Desktop/Project_IC_CSU/3D_city_model/IC_campus_streetview/51.498180_-0.174065_h135_p20.jpg,51.49818,-0.174065,135,20,35
51.498180_-0.174065_h180_p20.jpg,/Users/dingyu_xuan/Desktop/Project_IC_CSU/3D_city_model/IC_campus_streetview/51.498180_-0.174065_h180_p20.jpg,51.49818,-0.174065,180,20,35
51.498180_-0.174065_h225_p20.jpg,/Users/dingyu_xuan/Desktop/Project_IC_CSU/3D_city_model/IC_campus_streetview/51.498180_-0.174065_h225_p20.jpg,51.49818,-0.174065,225,20,35
51.498180_-0.174065_h270_p20.jpg,/Users/dingyu_xuan/Desktop/Project_IC_CSU/3D_city_model/IC_campus_streetview/51.498180_-0.174065_h270_p20.jpg,51.49818,-0.174065,270,20,35
51.498180_-0.174065_h315_p20.jpg,/Users/dingyu_xuan/Desktop/Project_IC_CSU/3D_city_model/IC_campus_streetview/51.498180_-0.174065_h315_p20.jpg,51.49818,-0.174065,315,20,35
51.498180_-0.174065_h45_p20.jpg,/Users/dingyu_xuan/Desktop/Project_IC_CSU/3D_city_model/IC_campus_streetview/51.498180_-0.174065_h45_p20.jpg,51.49818,-0.174065,45,20,35
51.498180_-0.174065_h90_p20.jpg,/Users/dingyu_xuan/Desktop/Project_IC_CSU/3D_city_model/IC_campus_streetview/51.498180_-0.174065_h90_p20.jpg,51.49818,-0.174065,90,20,35
51.498234_-0.176838_h0_p20.jpg,/Users/dingyu_xuan/Desktop/Project_IC_CSU/3D_city_model/IC_campus_streetview/51.498234_-0.176838_h0_p20.jpg,51.498234,-0.176838,0,20,36
51.498234_-0.176838_h135_p20.jpg,/Users/dingyu_xuan/Desktop/Project_IC_CSU/3D_city_model/IC_campus_streetview/51.498234_-0.176838_h135_p20.jpg,51.498234,-0.176838,135,20,36
51.498234_-0.176838_h180_p20.jpg,/Users/dingyu_xuan/Desktop/Project_IC_CSU/3D_city_model/IC_campus_streetview/51.498234_-0.176838_h180_p20.jpg,51.498234,-0.176838,180,20,36
51.498234_-0.176838_h225_p20.jpg,/Users/dingyu_xuan/Desktop/Project_IC_CSU/3D_city_model/IC_campus_streetview/51.498234_-0.176838_h225_p20.jpg,51.498234,-0.176838,225,20,36
51.498234_-0.176838_h270_p20.jpg,/Users/dingyu_xuan/Desktop/Project_IC_CSU/3D_city_model/IC_campus_streetview/51.498234_-0.176838_h270_p20.jpg,51.498234,-0.176838,270,20,36
51.498234_-0.176838_h315_p20.jpg,/Users/dingyu_xuan/Desktop/Project_IC_CSU/3D_city_model/IC_campus_streetview/51.498234_-0.176838_h315_p20.jpg,51.498234,-0.176838,315,20,36
51.498234_-0.176838_h45_p20.jpg,/Users/dingyu_xuan/Desktop/Project_IC_CSU/3D_city_model/IC_campus_streetview/51.498234_-0.176838_h45_p20.jpg,51.498234,-0.176838,45,20,36
51.498234_-0.176838_h90_p20.jpg,/Users/dingyu_xuan/Desktop/Project_IC_CSU/3D_city_model/IC_campus_streetview/51.498234_-0.176838_h90_p20.jpg,51.498234,-0.176838,90,20,36
51.498266_-0.178634_h0_p20.jpg,/Users/dingyu_xuan/Desktop/Project_IC_CSU/3D_city_model/IC_campus_streetview/51.498266_-0.178634_h0_p20.jpg,51.498266,-0.178634,0,20,37
51.498266_-0.178634_h135_p20.jpg,/Users/dingyu_xuan/Desktop/Project_IC_CSU/3D_city_model/IC_campus_streetview/51.498266_-0.178634_h135_p20.jpg,51.498266,-0.178634,135,20,37
51.498266_-0.178634_h180_p20.jpg,/Users/dingyu_xuan/Desktop/Project_IC_CSU/3D_city_model/IC_campus_streetview/51.498266_-0.178634_h180_p20.jpg,51.498266,-0.178634,180,20,37
51.498266_-0.178634_h225_p20.jpg,/Users/dingyu_xuan/Desktop/Project_IC_CSU/3D_city_model/IC_campus_streetview/51.498266_-0.178634_h225_p20.jpg,51.498266,-0.178634,225,20,37
51.498266_-0.178634_h270_p20.jpg,/Users/dingyu_xuan/Desktop/Project_IC_CSU/3D_city_model/IC_campus_streetview/51.498266_-0.178634_h270_p20.jpg,51.498266,-0.178634,270,20,37
51.498266_-0.178634_h315_p20.jpg,/Users/dingyu_xuan/Desktop/Project_IC_CSU/3D_city_model/IC_campus_streetview/51.498266_-0.178634_h315_p20.jpg,51.498266,-0.178634,315,20,37
51.498266_-0.178634_h45_p20.jpg,/Users/dingyu_xuan/Desktop/Project_IC_CSU/3D_city_model/IC_campus_streetview/51.498266_-0.178634_h45_p20.jpg,51.498266,-0.178634,45,20,37
51.498266_-0.178634_h90_p20.jpg,/Users/dingyu_xuan/Desktop/Project_IC_CSU/3D_city_model/IC_campus_streetview/51.498266_-0.178634_h90_p20.jpg,51.498266,-0.178634,90,20,37
51.498268_-0.179187_h0_p20.jpg,/Users/dingyu_xuan/Desktop/Project_IC_CSU/3D_city_model/IC_campus_streetview/51.498268_-0.179187_h0_p20.jpg,51.498268,-0.179187,0,20,38
51.498268_-0.179187_h135_p20.jpg,/Users/dingyu_xuan/Desktop/Project_IC_CSU/3D_city_model/IC_campus_streetview/51.498268_-0.179187_h135_p20.jpg,51.498268,-0.179187,135,20,38
51.498268_-0.179187_h180_p20.jpg,/Users/dingyu_xuan/Desktop/Project_IC_CSU/3D_city_model/IC_campus_streetview/51.498268_-0.179187_h180_p20.jpg,51.498268,-0.179187,180,20,38
51.498268_-0.179187_h225_p20.jpg,/Users/dingyu_xuan/Desktop/Project_IC_CSU/3D_city_model/IC_campus_streetview/51.498268_-0.179187_h225_p20.jpg,51.498268,-0.179187,225,20,38
51.498268_-0.179187_h270_p20.jpg,/Users/dingyu_xuan/Desktop/Project_IC_CSU/3D_city_model/IC_campus_streetview/51.498268_-0.179187_h270_p20.jpg,51.498268,-0.179187,270,20,38
51.498268_-0.179187_h315_p20.jpg,/Users/dingyu_xuan/Desktop/Project_IC_CSU/3D_city_model/IC_campus_streetview/51.498268_-0.179187_h315_p20.jpg,51.498268,-0.179187,315,20,38
51.498268_-0.179187_h45_p20.jpg,/Users/dingyu_xuan/Desktop/Project_IC_CSU/3D_city_model/IC_campus_streetview/51.498268_-0.179187_h45_p20.jpg,51.498268,-0.179187,45,20,38
51.498268_-0.179187_h90_p20.jpg,/Users/dingyu_xuan/Desktop/Project_IC_CSU/3D_city_model/IC_campus_streetview/51.498268_-0.179187_h90_p20.jpg,51.498268,-0.179187,90,20,38
51.498305_-0.177490_h0_p20.jpg,/Users/dingyu_xuan/Desktop/Project_IC_CSU/3D_city_model/IC_campus_streetview/51.498305_-0.177490_h0_p20.jpg,51.498305,-0.17749,0,20,39
51.498305_-0.177490_h135_p20.jpg,/Users/dingyu_xuan/Desktop/Project_IC_CSU/3D_city_model/IC_campus_streetview/51.498305_-0.177490_h135_p20.jpg,51.498305,-0.17749,135,20,39
51.498305_-0.177490_h180_p20.jpg,/Users/dingyu_xuan/Desktop/Project_IC_CSU/3D_city_model/IC_campus_streetview/51.498305_-0.177490_h180_p20.jpg,51.498305,-0.17749,180,20,39
51.498305_-0.177490_h225_p20.jpg,/Users/dingyu_xuan/Desktop/Project_IC_CSU/3D_city_model/IC_campus_streetview/51.498305_-0.177490_h225_p20.jpg,51.498305,-0.17749,225,20,39
51.498305_-0.177490_h270_p20.jpg,/Users/dingyu_xuan/Desktop/Project_IC_CSU/3D_city_model/IC_campus_streetview/51.498305_-0.177490_h270_p20.jpg,51.498305,-0.17749,270,20,39
51.498305_-0.177490_h315_p20.jpg,/Users/dingyu_xuan/Desktop/Project_IC_CSU/3D_city_model/IC_campus_streetview/51.498305_-0.177490_h315_p20.jpg,51.498305,-0.17749,315,20,39
51.498305_-0.177490_h45_p20.jpg,/Users/dingyu_xuan/Desktop/Project_IC_CSU/3D_city_model/IC_campus_streetview/51.498305_-0.177490_h45_p20.jpg,51.498305,-0.17749,45,20,39
51.498305_-0.177490_h90_p20.jpg,/Users/dingyu_xuan/Desktop/Project_IC_CSU/3D_city_model/IC_campus_streetview/51.498305_-0.177490_h90_p20.jpg,51.498305,-0.17749,90,20,39
51.498349_-0.175222_h0_p20.jpg,/Users/dingyu_xuan/Desktop/Project_IC_CSU/3D_city_model/IC_campus_streetview/51.498349_-0.175222_h0_p20.jpg,51.498349,-0.175222,0,20,40
51.498349_-0.175222_h135_p20.jpg,/Users/dingyu_xuan/Desktop/Project_IC_CSU/3D_city_model/IC_campus_streetview/51.498349_-0.175222_h135_p20.jpg,51.498349,-0.175222,135,20,40
51.498349_-0.175222_h180_p20.jpg,/Users/dingyu_xuan/Desktop/Project_IC_CSU/3D_city_model/IC_campus_streetview/51.498349_-0.175222_h180_p20.jpg,51.498349,-0.175222,180,20,40
51.498349_-0.175222_h225_p20.jpg,/Users/dingyu_xuan/Desktop/Project_IC_CSU/3D_city_model/IC_campus_streetview/51.498349_-0.175222_h225_p20.jpg,51.498349,-0.175222,225,20,40
51.498349_-0.175222_h270_p20.jpg,/Users/dingyu_xuan/Desktop/Project_IC_CSU/3D_city_model/IC_campus_streetview/51.498349_-0.175222_h270_p20.jpg,51.498349,-0.175222,270,20,40
51.498349_-0.175222_h315_p20.jpg,/Users/dingyu_xuan/Desktop/Project_IC_CSU/3D_city_model/IC_campus_streetview/51.498349_-0.175222_h315_p20.jpg,51.498349,-0.175222,315,20,40
51.498349_-0.175222_h45_p20.jpg,/Users/dingyu_xuan/Desktop/Project_IC_CSU/3D_city_model/IC_campus_streetview/51.498349_-0.175222_h45_p20.jpg,51.498349,-0.175222,45,20,40
51.498349_-0.175222_h90_p20.jpg,/Users/dingyu_xuan/Desktop/Project_IC_CSU/3D_city_model/IC_campus_streetview/51.498349_-0.175222_h90_p20.jpg,51.498349,-0.175222,90,20,40
51.498484_-0.177131_h0_p20.jpg,/Users/dingyu_xuan/Desktop/Project_IC_CSU/3D_city_model/IC_campus_streetview/51.498484_-0.177131_h0_p20.jpg,51.498484,-0.177131,0,20,41
51.498484_-0.177131_h135_p20.jpg,/Users/dingyu_xuan/Desktop/Project_IC_CSU/3D_city_model/IC_campus_streetview/51.498484_-0.177131_h135_p20.jpg,51.498484,-0.177131,135,20,41
51.498484_-0.177131_h180_p20.jpg,/Users/dingyu_xuan/Desktop/Project_IC_CSU/3D_city_model/IC_campus_streetview/51.498484_-0.177131_h180_p20.jpg,51.498484,-0.177131,180,20,41
51.498484_-0.177131_h225_p20.jpg,/Users/dingyu_xuan/Desktop/Project_IC_CSU/3D_city_model/IC_campus_streetview/51.498484_-0.177131_h225_p20.jpg,51.498484,-0.177131,225,20,41
51.498484_-0.177131_h270_p20.jpg,/Users/dingyu_xuan/Desktop/Project_IC_CSU/3D_city_model/IC_campus_streetview/51.498484_-0.177131_h270_p20.jpg,51.498484,-0.177131,270,20,41
51.498484_-0.177131_h315_p20.jpg,/Users/dingyu_xuan/Desktop/Project_IC_CSU/3D_city_model/IC_campus_streetview/51.498484_-0.177131_h315_p20.jpg,51.498484,-0.177131,315,20,41
51.498484_-0.177131_h45_p20.jpg,/Users/dingyu_xuan/Desktop/Project_IC_CSU/3D_city_model/IC_campus_streetview/51.498484_-0.177131_h45_p20.jpg,51.498484,-0.177131,45,20,41
51.498484_-0.177131_h90_p20.jpg,/Users/dingyu_xuan/Desktop/Project_IC_CSU/3D_city_model/IC_campus_streetview/51.498484_-0.177131_h90_p20.jpg,51.498484,-0.177131,90,20,41
51.498496_-0.177898_h0_p20.jpg,/Users/dingyu_xuan/Desktop/Project_IC_CSU/3D_city_model/IC_campus_streetview/51.498496_-0.177898_h0_p20.jpg,51.498496,-0.177898,0,20,42
51.498496_-0.177898_h135_p20.jpg,/Users/dingyu_xuan/Desktop/Project_IC_CSU/3D_city_model/IC_campus_streetview/51.498496_-0.177898_h135_p20.jpg,51.498496,-0.177898,135,20,42
51.498496_-0.177898_h180_p20.jpg,/Users/dingyu_xuan/Desktop/Project_IC_CSU/3D_city_model/IC_campus_streetview/51.498496_-0.177898_h180_p20.jpg,51.498496,-0.177898,180,20,42
51.498496_-0.177898_h225_p20.jpg,/Users/dingyu_xuan/Desktop/Project_IC_CSU/3D_city_model/IC_campus_streetview/51.498496_-0.177898_h225_p20.jpg,51.498496,-0.177898,225,20,42
51.498496_-0.177898_h270_p20.jpg,/Users/dingyu_xuan/Desktop/Project_IC_CSU/3D_city_model/IC_campus_streetview/51.498496_-0.177898_h270_p20.jpg,51.498496,-0.177898,270,20,42
51.498496_-0.177898_h315_p20.jpg,/Users/dingyu_xuan/Desktop/Project_IC_CSU/3D_city_model/IC_campus_streetview/51.498496_-0.177898_h315_p20.jpg,51.498496,-0.177898,315,20,42
51.498496_-0.177898_h45_p20.jpg,/Users/dingyu_xuan/Desktop/Project_IC_CSU/3D_city_model/IC_campus_streetview/51.498496_-0.177898_h45_p20.jpg,51.498496,-0.177898,45,20,42
51.498496_-0.177898_h90_p20.jpg,/Users/dingyu_xuan/Desktop/Project_IC_CSU/3D_city_model/IC_campus_streetview/51.498496_-0.177898_h90_p20.jpg,51.498496,-0.177898,90,20,42
51.498500_-0.176696_h0_p20.jpg,/Users/dingyu_xuan/Desktop/Project_IC_CSU/3D_city_model/IC_campus_streetview/51.498500_-0.176696_h0_p20.jpg,51.4985,-0.176696,0,20,43
51.498500_-0.176696_h135_p20.jpg,/Users/dingyu_xuan/Desktop/Project_IC_CSU/3D_city_model/IC_campus_streetview/51.498500_-0.176696_h135_p20.jpg,51.4985,-0.176696,135,20,43
51.498500_-0.176696_h180_p20.jpg,/Users/dingyu_xuan/Desktop/Project_IC_CSU/3D_city_model/IC_campus_streetview/51.498500_-0.176696_h180_p20.jpg,51.4985,-0.176696,180,20,43
51.498500_-0.176696_h225_p20.jpg,/Users/dingyu_xuan/Desktop/Project_IC_CSU/3D_city_model/IC_campus_streetview/51.498500_-0.176696_h225_p20.jpg,51.4985,-0.176696,225,20,43
51.498500_-0.176696_h270_p20.jpg,/Users/dingyu_xuan/Desktop/Project_IC_CSU/3D_city_model/IC_campus_streetview/51.498500_-0.176696_h270_p20.jpg,51.4985,-0.176696,270,20,43
51.498500_-0.176696_h315_p20.jpg,/Users/dingyu_xuan/Desktop/Project_IC_CSU/3D_city_model/IC_campus_streetview/51.498500_-0.176696_h315_p20.jpg,51.4985,-0.176696,315,20,43
51.498500_-0.176696_h45_p20.jpg,/Users/dingyu_xuan/Desktop/Project_IC_CSU/3D_city_model/IC_campus_streetview/51.498500_-0.176696_h45_p20.jpg,51.4985,-0.176696,45,20,43
51.498500_-0.176696_h90_p20.jpg,/Users/dingyu_xuan/Desktop/Project_IC_CSU/3D_city_model/IC_campus_streetview/51.498500_-0.176696_h90_p20.jpg,51.4985,-0.176696,90,20,43
51.498595_-0.176171_h0_p20.jpg,/Users/dingyu_xuan/Desktop/Project_IC_CSU/3D_city_model/IC_campus_streetview/51.498595_-0.176171_h0_p20.jpg,51.498595,-0.176171,0,20,44
51.498595_-0.176171_h135_p20.jpg,/Users/dingyu_xuan/Desktop/Project_IC_CSU/3D_city_model/IC_campus_streetview/51.498595_-0.176171_h135_p20.jpg,51.498595,-0.176171,135,20,44
51.498595_-0.176171_h180_p20.jpg,/Users/dingyu_xuan/Desktop/Project_IC_CSU/3D_city_model/IC_campus_streetview/51.498595_-0.176171_h180_p20.jpg,51.498595,-0.176171,180,20,44
51.498595_-0.176171_h225_p20.jpg,/Users/dingyu_xuan/Desktop/Project_IC_CSU/3D_city_model/IC_campus_streetview/51.498595_-0.176171_h225_p20.jpg,51.498595,-0.176171,225,20,44
51.498595_-0.176171_h270_p20.jpg,/Users/dingyu_xuan/Desktop/Project_IC_CSU/3D_city_model/IC_campus_streetview/51.498595_-0.176171_h270_p20.jpg,51.498595,-0.176171,270,20,44
51.498595_-0.176171_h315_p20.jpg,/Users/dingyu_xuan/Desktop/Project_IC_CSU/3D_city_model/IC_campus_streetview/51.498595_-0.176171_h315_p20.jpg,51.498595,-0.176171,315,20,44
51.498595_-0.176171_h45_p20.jpg,/Users/dingyu_xuan/Desktop/Project_IC_CSU/3D_city_model/IC_campus_streetview/51.498595_-0.176171_h45_p20.jpg,51.498595,-0.176171,45,20,44
51.498595_-0.176171_h90_p20.jpg,/Users/dingyu_xuan/Desktop/Project_IC_CSU/3D_city_model/IC_campus_streetview/51.498595_-0.176171_h90_p20.jpg,51.498595,-0.176171,90,20,44
51.498629_-0.175292_h0_p20.jpg,/Users/dingyu_xuan/Desktop/Project_IC_CSU/3D_city_model/IC_campus_streetview/51.498629_-0.175292_h0_p20.jpg,51.498629,-0.175292,0,20,45
51.498629_-0.175292_h135_p20.jpg,/Users/dingyu_xuan/Desktop/Project_IC_CSU/3D_city_model/IC_campus_streetview/51.498629_-0.175292_h135_p20.jpg,51.498629,-0.175292,135,20,45
51.498629_-0.175292_h180_p20.jpg,/Users/dingyu_xuan/Desktop/Project_IC_CSU/3D_city_model/IC_campus_streetview/51.498629_-0.175292_h180_p20.jpg,51.498629,-0.175292,180,20,45
51.498629_-0.175292_h225_p20.jpg,/Users/dingyu_xuan/Desktop/Project_IC_CSU/3D_city_model/IC_campus_streetview/51.498629_-0.175292_h225_p20.jpg,51.498629,-0.175292,225,20,45
51.498629_-0.175292_h270_p20.jpg,/Users/dingyu_xuan/Desktop/Project_IC_CSU/3D_city_model/IC_campus_streetview/51.498629_-0.175292_h270_p20.jpg,51.498629,-0.175292,270,20,45
51.498629_-0.175292_h315_p20.jpg,/Users/dingyu_xuan/Desktop/Project_IC_CSU/3D_city_model/IC_campus_streetview/51.498629_-0.175292_h315_p20.jpg,51.498629,-0.175292,315,20,45
51.498629_-0.175292_h45_p20.jpg,/Users/dingyu_xuan/Desktop/Project_IC_CSU/3D_city_model/IC_campus_streetview/51.498629_-0.175292_h45_p20.jpg,51.498629,-0.175292,45,20,45
51.498629_-0.175292_h90_p20.jpg,/Users/dingyu_xuan/Desktop/Project_IC_CSU/3D_city_model/IC_campus_streetview/51.498629_-0.175292_h90_p20.jpg,51.498629,-0.175292,90,20,45
51.498646_-0.179484_h0_p20.jpg,/Users/dingyu_xuan/Desktop/Project_IC_CSU/3D_city_model/IC_campus_streetview/51.498646_-0.179484_h0_p20.jpg,51.498646,-0.179484,0,20,46
51.498646_-0.179484_h135_p20.jpg,/Users/dingyu_xuan/Desktop/Project_IC_CSU/3D_city_model/IC_campus_streetview/51.498646_-0.179484_h135_p20.jpg,51.498646,-0.179484,135,20,46
51.498646_-0.179484_h180_p20.jpg,/Users/dingyu_xuan/Desktop/Project_IC_CSU/3D_city_model/IC_campus_streetview/51.498646_-0.179484_h180_p20.jpg,51.498646,-0.179484,180,20,46
51.498646_-0.179484_h225_p20.jpg,/Users/dingyu_xuan/Desktop/Project_IC_CSU/3D_city_model/IC_campus_streetview/51.498646_-0.179484_h225_p20.jpg,51.498646,-0.179484,225,20,46
51.498646_-0.179484_h270_p20.jpg,/Users/dingyu_xuan/Desktop/Project_IC_CSU/3D_city_model/IC_campus_streetview/51.498646_-0.179484_h270_p20.jpg,51.498646,-0.179484,270,20,46
51.498646_-0.179484_h315_p20.jpg,/Users/dingyu_xuan/Desktop/Project_IC_CSU/3D_city_model/IC_campus_streetview/51.498646_-0.179484_h315_p20.jpg,51.498646,-0.179484,315,20,46
51.498646_-0.179484_h45_p20.jpg,/Users/dingyu_xuan/Desktop/Project_IC_CSU/3D_city_model/IC_campus_streetview/51.498646_-0.179484_h45_p20.jpg,51.498646,-0.179484,45,20,46
51.498646_-0.179484_h90_p20.jpg,/Users/dingyu_xuan/Desktop/Project_IC_CSU/3D_city_model/IC_campus_streetview/51.498646_-0.179484_h90_p20.jpg,51.498646,-0.179484,90,20,46
51.498691_-0.179009_h0_p20.jpg,/Users/dingyu_xuan/Desktop/Project_IC_CSU/3D_city_model/IC_campus_streetview/51.498691_-0.179009_h0_p20.jpg,51.498691,-0.179009,0,20,47
51.498691_-0.179009_h135_p20.jpg,/Users/dingyu_xuan/Desktop/Project_IC_CSU/3D_city_model/IC_campus_streetview/51.498691_-0.179009_h135_p20.jpg,51.498691,-0.179009,135,20,47
51.498691_-0.179009_h180_p20.jpg,/Users/dingyu_xuan/Desktop/Project_IC_CSU/3D_city_model/IC_campus_streetview/51.498691_-0.179009_h180_p20.jpg,51.498691,-0.179009,180,20,47
51.498691_-0.179009_h225_p20.jpg,/Users/dingyu_xuan/Desktop/Project_IC_CSU/3D_city_model/IC_campus_streetview/51.498691_-0.179009_h225_p20.jpg,51.498691,-0.179009,225,20,47
51.498691_-0.179009_h270_p20.jpg,/Users/dingyu_xuan/Desktop/Project_IC_CSU/3D_city_model/IC_campus_streetview/51.498691_-0.179009_h270_p20.jpg,51.498691,-0.179009,270,20,47
51.498691_-0.179009_h315_p20.jpg,/Users/dingyu_xuan/Desktop/Project_IC_CSU/3D_city_model/IC_campus_streetview/51.498691_-0.179009_h315_p20.jpg,51.498691,-0.179009,315,20,47
51.498691_-0.179009_h45_p20.jpg,/Users/dingyu_xuan/Desktop/Project_IC_CSU/3D_city_model/IC_campus_streetview/51.498691_-0.179009_h45_p20.jpg,51.498691,-0.179009,45,20,47
51.498691_-0.179009_h90_p20.jpg,/Users/dingyu_xuan/Desktop/Project_IC_CSU/3D_city_model/IC_campus_streetview/51.498691_-0.179009_h90_p20.jpg,51.498691,-0.179009,90,20,47
51.498797_-0.178368_h0_p20.jpg,/Users/dingyu_xuan/Desktop/Project_IC_CSU/3D_city_model/IC_campus_streetview/51.498797_-0.178368_h0_p20.jpg,51.498797,-0.178368,0,20,48
51.498797_-0.178368_h135_p20.jpg,/Users/dingyu_xuan/Desktop/Project_IC_CSU/3D_city_model/IC_campus_streetview/51.498797_-0.178368_h135_p20.jpg,51.498797,-0.178368,135,20,48
51.498797_-0.178368_h180_p20.jpg,/Users/dingyu_xuan/Desktop/Project_IC_CSU/3D_city_model/IC_campus_streetview/51.498797_-0.178368_h180_p20.jpg,51.498797,-0.178368,180,20,48
51.498797_-0.178368_h225_p20.jpg,/Users/dingyu_xuan/Desktop/Project_IC_CSU/3D_city_model/IC_campus_streetview/51.498797_-0.178368_h225_p20.jpg,51.498797,-0.178368,225,20,48
51.498797_-0.178368_h270_p20.jpg,/Users/dingyu_xuan/Desktop/Project_IC_CSU/3D_city_model/IC_campus_streetview/51.498797_-0.178368_h270_p20.jpg,51.498797,-0.178368,270,20,48
51.498797_-0.178368_h315_p20.jpg,/Users/dingyu_xuan/Desktop/Project_IC_CSU/3D_city_model/IC_campus_streetview/51.498797_-0.178368_h315_p20.jpg,51.498797,-0.178368,315,20,48
51.498797_-0.178368_h45_p20.jpg,/Users/dingyu_xuan/Desktop/Project_IC_CSU/3D_city_model/IC_campus_streetview/51.498797_-0.178368_h45_p20.jpg,51.498797,-0.178368,45,20,48
51.498797_-0.178368_h90_p20.jpg,/Users/dingyu_xuan/Desktop/Project_IC_CSU/3D_city_model/IC_campus_streetview/51.498797_-0.178368_h90_p20.jpg,51.498797,-0.178368,90,20,48
51.498812_-0.177798_h0_p20.jpg,/Users/dingyu_xuan/Desktop/Project_IC_CSU/3D_city_model/IC_campus_streetview/51.498812_-0.177798_h0_p20.jpg,51.498812,-0.177798,0,20,49
51.498812_-0.177798_h135_p20.jpg,/Users/dingyu_xuan/Desktop/Project_IC_CSU/3D_city_model/IC_campus_streetview/51.498812_-0.177798_h135_p20.jpg,51.498812,-0.177798,135,20,49
51.498812_-0.177798_h180_p20.jpg,/Users/dingyu_xuan/Desktop/Project_IC_CSU/3D_city_model/IC_campus_streetview/51.498812_-0.177798_h180_p20.jpg,51.498812,-0.177798,180,20,49
51.498812_-0.177798_h225_p20.jpg,/Users/dingyu_xuan/Desktop/Project_IC_CSU/3D_city_model/IC_campus_streetview/51.498812_-0.177798_h225_p20.jpg,51.498812,-0.177798,225,20,49
51.498812_-0.177798_h270_p20.jpg,/Users/dingyu_xuan/Desktop/Project_IC_CSU/3D_city_model/IC_campus_streetview/51.498812_-0.177798_h270_p20.jpg,51.498812,-0.177798,270,20,49
51.498812_-0.177798_h315_p20.jpg,/Users/dingyu_xuan/Desktop/Project_IC_CSU/3D_city_model/IC_campus_streetview/51.498812_-0.177798_h315_p20.jpg,51.498812,-0.177798,315,20,49
51.498812_-0.177798_h45_p20.jpg,/Users/dingyu_xuan/Desktop/Project_IC_CSU/3D_city_model/IC_campus_streetview/51.498812_-0.177798_h45_p20.jpg,51.498812,-0.177798,45,20,49
51.498812_-0.177798_h90_p20.jpg,/Users/dingyu_xuan/Desktop/Project_IC_CSU/3D_city_model/IC_campus_streetview/51.498812_-0.177798_h90_p20.jpg,51.498812,-0.177798,90,20,49
51.498825_-0.176932_h0_p20.jpg,/Users/dingyu_xuan/Desktop/Project_IC_CSU/3D_city_model/IC_campus_streetview/51.498825_-0.176932_h0_p20.jpg,51.498825,-0.176932,0,20,50
51.498825_-0.176932_h135_p20.jpg,/Users/dingyu_xuan/Desktop/Project_IC_CSU/3D_city_model/IC_campus_streetview/51.498825_-0.176932_h135_p20.jpg,51.498825,-0.176932,135,20,50
51.498825_-0.176932_h180_p20.jpg,/Users/dingyu_xuan/Desktop/Project_IC_CSU/3D_city_model/IC_campus_streetview/51.498825_-0.176932_h180_p20.jpg,51.498825,-0.176932,180,20,50
51.498825_-0.176932_h225_p20.jpg,/Users/dingyu_xuan/Desktop/Project_IC_CSU/3D_city_model/IC_campus_streetview/51.498825_-0.176932_h225_p20.jpg,51.498825,-0.176932,225,20,50
51.498825_-0.176932_h270_p20.jpg,/Users/dingyu_xuan/Desktop/Project_IC_CSU/3D_city_model/IC_campus_streetview/51.498825_-0.176932_h270_p20.jpg,51.498825,-0.176932,270,20,50
51.498825_-0.176932_h315_p20.jpg,/Users/dingyu_xuan/Desktop/Project_IC_CSU/3D_city_model/IC_campus_streetview/51.498825_-0.176932_h315_p20.jpg,51.498825,-0.176932,315,20,50
51.498825_-0.176932_h45_p20.jpg,/Users/dingyu_xuan/Desktop/Project_IC_CSU/3D_city_model/IC_campus_streetview/51.498825_-0.176932_h45_p20.jpg,51.498825,-0.176932,45,20,50
51.498825_-0.176932_h90_p20.jpg,/Users/dingyu_xuan/Desktop/Project_IC_CSU/3D_city_model/IC_campus_streetview/51.498825_-0.176932_h90_p20.jpg,51.498825,-0.176932,90,20,50
51.499010_-0.175371_h0_p20.jpg,/Users/dingyu_xuan/Desktop/Project_IC_CSU/3D_city_model/IC_campus_streetview/51.499010_-0.175371_h0_p20.jpg,51.49901,-0.175371,0,20,51
51.499010_-0.175371_h135_p20.jpg,/Users/dingyu_xuan/Desktop/Project_IC_CSU/3D_city_model/IC_campus_streetview/51.499010_-0.175371_h135_p20.jpg,51.49901,-0.175371,135,20,51
51.499010_-0.175371_h180_p20.jpg,/Users/dingyu_xuan/Desktop/Project_IC_CSU/3D_city_model/IC_campus_streetview/51.499010_-0.175371_h180_p20.jpg,51.49901,-0.175371,180,20,51
51.499010_-0.175371_h225_p20.jpg,/Users/dingyu_xuan/Desktop/Project_IC_CSU/3D_city_model/IC_campus_streetview/51.499010_-0.175371_h225_p20.jpg,51.49901,-0.175371,225,20,51
51.499010_-0.175371_h270_p20.jpg,/Users/dingyu_xuan/Desktop/Project_IC_CSU/3D_city_model/IC_campus_streetview/51.499010_-0.175371_h270_p20.jpg,51.49901,-0.175371,270,20,51
51.499010_-0.175371_h315_p20.jpg,/Users/dingyu_xuan/Desktop/Project_IC_CSU/3D_city_model/IC_campus_streetview/51.499010_-0.175371_h315_p20.jpg,51.49901,-0.175371,315,20,51
51.499010_-0.175371_h45_p20.jpg,/Users/dingyu_xuan/Desktop/Project_IC_CSU/3D_city_model/IC_campus_streetview/51.499010_-0.175371_h45_p20.jpg,51.49901,-0.175371,45,20,51
51.499010_-0.175371_h90_p20.jpg,/Users/dingyu_xuan/Desktop/Project_IC_CSU/3D_city_model/IC_campus_streetview/51.499010_-0.175371_h90_p20.jpg,51.49901,-0.175371,90,20,51
51.499198_-0.179563_h0_p20.jpg,/Users/dingyu_xuan/Desktop/Project_IC_CSU/3D_city_model/IC_campus_streetview/51.499198_-0.179563_h0_p20.jpg,51.499198,-0.179563,0,20,52
51.499198_-0.179563_h135_p20.jpg,/Users/dingyu_xuan/Desktop/Project_IC_CSU/3D_city_model/IC_campus_streetview/51.499198_-0.179563_h135_p20.jpg,51.499198,-0.179563,135,20,52
51.499198_-0.179563_h180_p20.jpg,/Users/dingyu_xuan/Desktop/Project_IC_CSU/3D_city_model/IC_campus_streetview/51.499198_-0.179563_h180_p20.jpg,51.499198,-0.179563,180,20,52
51.499198_-0.179563_h225_p20.jpg,/Users/dingyu_xuan/Desktop/Project_IC_CSU/3D_city_model/IC_campus_streetview/51.499198_-0.179563_h225_p20.jpg,51.499198,-0.179563,225,20,52
51.499198_-0.179563_h270_p20.jpg,/Users/dingyu_xuan/Desktop/Project_IC_CSU/3D_city_model/IC_campus_streetview/51.499198_-0.179563_h270_p20.jpg,51.499198,-0.179563,270,20,52
51.499198_-0.179563_h315_p20.jpg,/Users/dingyu_xuan/Desktop/Project_IC_CSU/3D_city_model/IC_campus_streetview/51.499198_-0.179563_h315_p20.jpg,51.499198,-0.179563,315,20,52
51.499198_-0.179563_h45_p20.jpg,/Users/dingyu_xuan/Desktop/Project_IC_CSU/3D_city_model/IC_campus_streetview/51.499198_-0.179563_h45_p20.jpg,51.499198,-0.179563,45,20,52
51.499198_-0.179563_h90_p20.jpg,/Users/dingyu_xuan/Desktop/Project_IC_CSU/3D_city_model/IC_campus_streetview/51.499198_-0.179563_h90_p20.jpg,51.499198,-0.179563,90,20,52
51.499221_-0.178533_h0_p20.jpg,/Users/dingyu_xuan/Desktop/Project_IC_CSU/3D_city_model/IC_campus_streetview/51.499221_-0.178533_h0_p20.jpg,51.499221,-0.178533,0,20,53
51.499221_-0.178533_h135_p20.jpg,/Users/dingyu_xuan/Desktop/Project_IC_CSU/3D_city_model/IC_campus_streetview/51.499221_-0.178533_h135_p20.jpg,51.499221,-0.178533,135,20,53
51.499221_-0.178533_h180_p20.jpg,/Users/dingyu_xuan/Desktop/Project_IC_CSU/3D_city_model/IC_campus_streetview/51.499221_-0.178533_h180_p20.jpg,51.499221,-0.178533,180,20,53
51.499221_-0.178533_h225_p20.jpg,/Users/dingyu_xuan/Desktop/Project_IC_CSU/3D_city_model/IC_campus_streetview/51.499221_-0.178533_h225_p20.jpg,51.499221,-0.178533,225,20,53
51.499221_-0.178533_h270_p20.jpg,/Users/dingyu_xuan/Desktop/Project_IC_CSU/3D_city_model/IC_campus_streetview/51.499221_-0.178533_h270_p20.jpg,51.499221,-0.178533,270,20,53
51.499221_-0.178533_h315_p20.jpg,/Users/dingyu_xuan/Desktop/Project_IC_CSU/3D_city_model/IC_campus_streetview/51.499221_-0.178533_h315_p20.jpg,51.499221,-0.178533,315,20,53
51.499221_-0.178533_h45_p20.jpg,/Users/dingyu_xuan/Desktop/Project_IC_CSU/3D_city_model/IC_campus_streetview/51.499221_-0.178533_h45_p20.jpg,51.499221,-0.178533,45,20,53
51.499221_-0.178533_h90_p20.jpg,/Users/dingyu_xuan/Desktop/Project_IC_CSU/3D_city_model/IC_campus_streetview/51.499221_-0.178533_h90_p20.jpg,51.499221,-0.178533,90,20,53
51.499271_-0.174477_h0_p20.jpg,/Users/dingyu_xuan/Desktop/Project_IC_CSU/3D_city_model/IC_campus_streetview/51.499271_-0.174477_h0_p20.jpg,51.499271,-0.174477,0,20,54
51.499271_-0.174477_h135_p20.jpg,/Users/dingyu_xuan/Desktop/Project_IC_CSU/3D_city_model/IC_campus_streetview/51.499271_-0.174477_h135_p20.jpg,51.499271,-0.174477,135,20,54
51.499271_-0.174477_h180_p20.jpg,/Users/dingyu_xuan/Desktop/Project_IC_CSU/3D_city_model/IC_campus_streetview/51.499271_-0.174477_h180_p20.jpg,51.499271,-0.174477,180,20,54
51.499271_-0.174477_h225_p20.jpg,/Users/dingyu_xuan/Desktop/Project_IC_CSU/3D_city_model/IC_campus_streetview/51.499271_-0.174477_h225_p20.jpg,51.499271,-0.174477,225,20,54
51.499271_-0.174477_h270_p20.jpg,/Users/dingyu_xuan/Desktop/Project_IC_CSU/3D_city_model/IC_campus_streetview/51.499271_-0.174477_h270_p20.jpg,51.499271,-0.174477,270,20,54
51.499271_-0.174477_h315_p20.jpg,/Users/dingyu_xuan/Desktop/Project_IC_CSU/3D_city_model/IC_campus_streetview/51.499271_-0.174477_h315_p20.jpg,51.499271,-0.174477,315,20,54
51.499271_-0.174477_h45_p20.jpg,/Users/dingyu_xuan/Desktop/Project_IC_CSU/3D_city_model/IC_campus_streetview/51.499271_-0.174477_h45_p20.jpg,51.499271,-0.174477,45,20,54
51.499271_-0.174477_h90_p20.jpg,/Users/dingyu_xuan/Desktop/Project_IC_CSU/3D_city_model/IC_campus_streetview/51.499271_-0.174477_h90_p20.jpg,51.499271,-0.174477,90,20,54
51.499299_-0.175599_h0_p20.jpg,/Users/dingyu_xuan/Desktop/Project_IC_CSU/3D_city_model/IC_campus_streetview/51.499299_-0.175599_h0_p20.jpg,51.499299,-0.175599,0,20,55
51.499299_-0.175599_h135_p20.jpg,/Users/dingyu_xuan/Desktop/Project_IC_CSU/3D_city_model/IC_campus_streetview/51.499299_-0.175599_h135_p20.jpg,51.499299,-0.175599,135,20,55
51.499299_-0.175599_h180_p20.jpg,/Users/dingyu_xuan/Desktop/Project_IC_CSU/3D_city_model/IC_campus_streetview/51.499299_-0.175599_h180_p20.jpg,51.499299,-0.175599,180,20,55
51.499299_-0.175599_h225_p20.jpg,/Users/dingyu_xuan/Desktop/Project_IC_CSU/3D_city_model/IC_campus_streetview/51.499299_-0.175599_h225_p20.jpg,51.499299,-0.175599,225,20,55
51.499299_-0.175599_h270_p20.jpg,/Users/dingyu_xuan/Desktop/Project_IC_CSU/3D_city_model/IC_campus_streetview/51.499299_-0.175599_h270_p20.jpg,51.499299,-0.175599,270,20,55
51.499299_-0.175599_h315_p20.jpg,/Users/dingyu_xuan/Desktop/Project_IC_CSU/3D_city_model/IC_campus_streetview/51.499299_-0.175599_h315_p20.jpg,51.499299,-0.175599,315,20,55
51.499299_-0.175599_h45_p20.jpg,/Users/dingyu_xuan/Desktop/Project_IC_CSU/3D_city_model/IC_campus_streetview/51.499299_-0.175599_h45_p20.jpg,51.499299,-0.175599,45,20,55
51.499299_-0.175599_h90_p20.jpg,/Users/dingyu_xuan/Desktop/Project_IC_CSU/3D_city_model/IC_campus_streetview/51.499299_-0.175599_h90_p20.jpg,51.499299,-0.175599,90,20,55
51.499614_-0.179206_h0_p20.jpg,/Users/dingyu_xuan/Desktop/Project_IC_CSU/3D_city_model/IC_campus_streetview/51.499614_-0.179206_h0_p20.jpg,51.499614,-0.179206,0,20,56
51.499614_-0.179206_h135_p20.jpg,/Users/dingyu_xuan/Desktop/Project_IC_CSU/3D_city_model/IC_campus_streetview/51.499614_-0.179206_h135_p20.jpg,51.499614,-0.179206,135,20,56
51.499614_-0.179206_h180_p20.jpg,/Users/dingyu_xuan/Desktop/Project_IC_CSU/3D_city_model/IC_campus_streetview/51.499614_-0.179206_h180_p20.jpg,51.499614,-0.179206,180,20,56
51.499614_-0.179206_h225_p20.jpg,/Users/dingyu_xuan/Desktop/Project_IC_CSU/3D_city_model/IC_campus_streetview/51.499614_-0.179206_h225_p20.jpg,51.499614,-0.179206,225,20,56
51.499614_-0.179206_h270_p20.jpg,/Users/dingyu_xuan/Desktop/Project_IC_CSU/3D_city_model/IC_campus_streetview/51.499614_-0.179206_h270_p20.jpg,51.499614,-0.179206,270,20,56
51.499614_-0.179206_h315_p20.jpg,/Users/dingyu_xuan/Desktop/Project_IC_CSU/3D_city_model/IC_campus_streetview/51.499614_-0.179206_h315_p20.jpg,51.499614,-0.179206,315,20,56
51.499614_-0.179206_h45_p20.jpg,/Users/dingyu_xuan/Desktop/Project_IC_CSU/3D_city_model/IC_campus_streetview/51.499614_-0.179206_h45_p20.jpg,51.499614,-0.179206,45,20,56
51.499614_-0.179206_h90_p20.jpg,/Users/dingyu_xuan/Desktop/Project_IC_CSU/3D_city_model/IC_campus_streetview/51.499614_-0.179206_h90_p20.jpg,51.499614,-0.179206,90,20,56
51.499635_-0.179833_h0_p20.jpg,/Users/dingyu_xuan/Desktop/Project_IC_CSU/3D_city_model/IC_campus_streetview/51.499635_-0.179833_h0_p20.jpg,51.499635,-0.179833,0,20,57
51.499635_-0.179833_h135_p20.jpg,/Users/dingyu_xuan/Desktop/Project_IC_CSU/3D_city_model/IC_campus_streetview/51.499635_-0.179833_h135_p20.jpg,51.499635,-0.179833,135,20,57
51.499635_-0.179833_h180_p20.jpg,/Users/dingyu_xuan/Desktop/Project_IC_CSU/3D_city_model/IC_campus_streetview/51.499635_-0.179833_h180_p20.jpg,51.499635,-0.179833,180,20,57
51.499635_-0.179833_h225_p20.jpg,/Users/dingyu_xuan/Desktop/Project_IC_CSU/3D_city_model/IC_campus_streetview/51.499635_-0.179833_h225_p20.jpg,51.499635,-0.179833,225,20,57
51.499635_-0.179833_h270_p20.jpg,/Users/dingyu_xuan/Desktop/Project_IC_CSU/3D_city_model/IC_campus_streetview/51.499635_-0.179833_h270_p20.jpg,51.499635,-0.179833,270,20,57
51.499635_-0.179833_h315_p20.jpg,/Users/dingyu_xuan/Desktop/Project_IC_CSU/3D_city_model/IC_campus_streetview/51.499635_-0.179833_h315_p20.jpg,51.499635,-0.179833,315,20,57
51.499635_-0.179833_h45_p20.jpg,/Users/dingyu_xuan/Desktop/Project_IC_CSU/3D_city_model/IC_campus_streetview/51.499635_-0.179833_h45_p20.jpg,51.499635,-0.179833,45,20,57
51.499635_-0.179833_h90_p20.jpg,/Users/dingyu_xuan/Desktop/Project_IC_CSU/3D_city_model/IC_campus_streetview/51.499635_-0.179833_h90_p20.jpg,51.499635,-0.179833,90,20,57
51.499675_-0.178542_h0_p20.jpg,/Users/dingyu_xuan/Desktop/Project_IC_CSU/3D_city_model/IC_campus_streetview/51.499675_-0.178542_h0_p20.jpg,51.499675,-0.178542,0,20,58
51.499675_-0.178542_h135_p20.jpg,/Users/dingyu_xuan/Desktop/Project_IC_CSU/3D_city_model/IC_campus_streetview/51.499675_-0.178542_h135_p20.jpg,51.499675,-0.178542,135,20,58
51.499675_-0.178542_h180_p20.jpg,/Users/dingyu_xuan/Desktop/Project_IC_CSU/3D_city_model/IC_campus_streetview/51.499675_-0.178542_h180_p20.jpg,51.499675,-0.178542,180,20,58
51.499675_-0.178542_h225_p20.jpg,/Users/dingyu_xuan/Desktop/Project_IC_CSU/3D_city_model/IC_campus_streetview/51.499675_-0.178542_h225_p20.jpg,51.499675,-0.178542,225,20,58
51.499675_-0.178542_h270_p20.jpg,/Users/dingyu_xuan/Desktop/Project_IC_CSU/3D_city_model/IC_campus_streetview/51.499675_-0.178542_h270_p20.jpg,51.499675,-0.178542,270,20,58
51.499675_-0.178542_h315_p20.jpg,/Users/dingyu_xuan/Desktop/Project_IC_CSU/3D_city_model/IC_campus_streetview/51.499675_-0.178542_h315_p20.jpg,51.499675,-0.178542,315,20,58
51.499675_-0.178542_h45_p20.jpg,/Users/dingyu_xuan/Desktop/Project_IC_CSU/3D_city_model/IC_campus_streetview/51.499675_-0.178542_h45_p20.jpg,51.499675,-0.178542,45,20,58
51.499675_-0.178542_h90_p20.jpg,/Users/dingyu_xuan/Desktop/Project_IC_CSU/3D_city_model/IC_campus_streetview/51.499675_-0.178542_h90_p20.jpg,51.499675,-0.178542,90,20,58
51.499779_-0.178054_h0_p20.jpg,/Users/dingyu_xuan/Desktop/Project_IC_CSU/3D_city_model/IC_campus_streetview/51.499779_-0.178054_h0_p20.jpg,51.499779,-0.178054,0,20,59
51.499779_-0.178054_h135_p20.jpg,/Users/dingyu_xuan/Desktop/Project_IC_CSU/3D_city_model/IC_campus_streetview/51.499779_-0.178054_h135_p20.jpg,51.499779,-0.178054,135,20,59
51.499779_-0.178054_h180_p20.jpg,/Users/dingyu_xuan/Desktop/Project_IC_CSU/3D_city_model/IC_campus_streetview/51.499779_-0.178054_h180_p20.jpg,51.499779,-0.178054,180,20,59
51.499779_-0.178054_h225_p20.jpg,/Users/dingyu_xuan/Desktop/Project_IC_CSU/3D_city_model/IC_campus_streetview/51.499779_-0.178054_h225_p20.jpg,51.499779,-0.178054,225,20,59
51.499779_-0.178054_h270_p20.jpg,/Users/dingyu_xuan/Desktop/Project_IC_CSU/3D_city_model/IC_campus_streetview/51.499779_-0.178054_h270_p20.jpg,51.499779,-0.178054,270,20,59
51.499779_-0.178054_h315_p20.jpg,/Users/dingyu_xuan/Desktop/Project_IC_CSU/3D_city_model/IC_campus_streetview/51.499779_-0.178054_h315_p20.jpg,51.499779,-0.178054,315,20,59
51.499779_-0.178054_h45_p20.jpg,/Users/dingyu_xuan/Desktop/Project_IC_CSU/3D_city_model/IC_campus_streetview/51.499779_-0.178054_h45_p20.jpg,51.499779,-0.178054,45,20,59
51.499779_-0.178054_h90_p20.jpg,/Users/dingyu_xuan/Desktop/Project_IC_CSU/3D_city_model/IC_campus_streetview/51.499779_-0.178054_h90_p20.jpg,51.499779,-0.178054,90,20,59
51.499959_-0.177120_h0_p20.jpg,/Users/dingyu_xuan/Desktop/Project_IC_CSU/3D_city_model/IC_campus_streetview/51.499959_-0.177120_h0_p20.jpg,51.499959,-0.17712,0,20,60
51.499959_-0.177120_h135_p20.jpg,/Users/dingyu_xuan/Desktop/Project_IC_CSU/3D_city_model/IC_campus_streetview/51.499959_-0.177120_h135_p20.jpg,51.499959,-0.17712,135,20,60
51.499959_-0.177120_h180_p20.jpg,/Users/dingyu_xuan/Desktop/Project_IC_CSU/3D_city_model/IC_campus_streetview/51.499959_-0.177120_h180_p20.jpg,51.499959,-0.17712,180,20,60
51.499959_-0.177120_h225_p20.jpg,/Users/dingyu_xuan/Desktop/Project_IC_CSU/3D_city_model/IC_campus_streetview/51.499959_-0.177120_h225_p20.jpg,51.499959,-0.17712,225,20,60
51.499959_-0.177120_h270_p20.jpg,/Users/dingyu_xuan/Desktop/Project_IC_CSU/3D_city_model/IC_campus_streetview/51.499959_-0.177120_h270_p20.jpg,51.499959,-0.17712,270,20,60
51.499959_-0.177120_h315_p20.jpg,/Users/dingyu_xuan/Desktop/Project_IC_CSU/3D_city_model/IC_campus_streetview/51.499959_-0.177120_h315_p20.jpg,51.499959,-0.17712,315,20,60
51.499959_-0.177120_h45_p20.jpg,/Users/dingyu_xuan/Desktop/Project_IC_CSU/3D_city_model/IC_campus_streetview/51.499959_-0.177120_h45_p20.jpg,51.499959,-0.17712,45,20,60
51.499959_-0.177120_h90_p20.jpg,/Users/dingyu_xuan/Desktop/Project_IC_CSU/3D_city_model/IC_campus_streetview/51.499959_-0.177120_h90_p20.jpg,51.499959,-0.17712,90,20,60
